date, pm25, pm10, o3, no2, co
2017/1/2, 21, 7, 33, 1, 1
2017/1/3, 26, 10, 33, , 1
2016/10/1, 30, 8, 23, 3, 1
2016/10/2, 26, 6, 21, 1, 
2016/10/3, 22, 5, 21, 2, 
2016/10/4, 17, 5, 22, 1, 1
2016/10/5, 14, 6, 23, , 1
2016/10/6, 18, 7, 21, 1, 1
2016/10/7, 21, 5, 20, , 1
2016/10/8, 18, 5, 20, , 1
2016/10/9, 19, 7, 19, 1, 
2016/10/10, 19, 4, 20, , 
2016/10/11, 16, 22, 18, 1, 1
2016/10/12, 19, 10, 21, 1, 1
2016/10/13, 24, 10, 24, 2, 1
2016/10/14, 34, 11, 23, 1, 1
2016/10/15, 42, 8, 12, 3, 1
2016/10/16, 38, 19, 15, 3, 1
2016/10/17, 65, 15, 13, 4, 1
2016/10/18, 54, 15, 15, 3, 1
2016/10/19, 53, 6, 22, 3, 1
2016/10/20, 23, 7, 15, 1, 1
2016/10/21, 30, 5, 13, 1, 1
2016/10/22, 23, 5, 16, 2, 1
2016/10/23, 20, 11, 16, 4, 1
2016/10/24, 43, 10, 13, 4, 1
2016/10/25, 37, 10, 17, 5, 1
2016/10/26, 39, 13, 22, 2, 1
2016/10/27, 34, 12, 31, , 1
2016/10/28, 26, 13, 32, , 1
2016/10/29, 28, 10, 27, 1, 1
2016/10/30, 26, 8, 16, 3, 1
2016/10/31, 27, 7, 31, , 1
2016/11/1, 12, 7, 24, , 1
2016/11/2, 14, 6, 20, 2, 1
2016/11/3, 17, 8, 13, 8, 1
2016/11/4, 27, 8, 17, 5, 1
2016/11/5, 24, 7, 21, 2, 1
2016/11/6, 22, 7, 22, 1, 1
2016/11/7, 22, 19, 20, 3, 1
2016/11/8, 22, 15, 16, 8, 1
2016/11/9, 26, 6, 20, 5, 1
2016/11/10, 27, 7, 15, 6, 1
2016/11/11, 30, 13, 14, 10, 3
2016/11/12, 51, 11, 17, 5, 2
2016/11/13, 45, 12, 13, 6, 2
2016/11/14, 49, 7, 27, 4, 1
2016/11/15, 19, 10, 25, 3, 1
2016/11/16, 18, 11, 22, 3, 1
2016/11/17, 22, 7, 28, 2, 1
2016/11/18, 18, 7, 27, 2, 1
2016/11/19, 23, 7, 26, 2, 1
2016/11/20, 22, 11, 24, 8, 1
2016/11/21, 34, 21, 7, 11, 2
2016/11/22, 61, 13, 13, 11, 1
2016/11/23, 39, 8, 23, 1, 1
2016/11/24, 18, 8, 22, 3, 1
2016/11/25, 20, 10, 35, , 1
2016/11/26, 19, 10, 30, , 
2016/11/27, 23, 7, 28, 1, 3
2016/11/28, 20, 8, 27, 2, 2
2016/11/29, 20, 10, 31, , 
2016/11/30, 21, 8, 32, , 
2016/12/1, 18, 10, 30, , 
2016/12/2, 23, 12, , , 
2016/12/3, 36, 8, 24, 2, 1
2016/12/4, 23, 5, 26, 1, 1
2016/12/5, 16, 10, 22, 8, 1
2016/12/6, 33, 13, 12, 11, 1
2016/12/7, 38, 19, 19, 4, 1
2016/12/8, 45, 10, 25, 1, 1
2016/12/9, 26, 11, 26, 1, 1
2016/12/10, 27, 12, 26, 1, 
2016/12/11, 25, 7, 22, 6, 1
2016/12/12, 24, 11, 21, 5, 1
2016/12/13, 35, 8, 16, 6, 1
2016/12/14, 29, 10, 17, 11, 1
2016/12/15, 36, 10, 21, 3, 1
2016/12/16, 37, 13, 14, 4, 1
2016/12/17, 48, 7, 27, 1, 1
2016/12/18, 19, 8, 26, 1, 1
2016/12/19, 23, 8, 23, 3, 1
2016/12/20, 29, 16, 13, 8, 2
2016/12/21, 55, 11, 21, 8, 1
2016/12/22, 36, 11, 28, 2, 1
2016/12/23, 26, 11, 33, 1, 1
2016/12/24, 23, 11, 30, , 1
2016/12/25, 24, 10, 34, , 
2016/12/26, 22, 24, 33, , 1
2016/12/27, 46, 13, 27, 1, 1
2016/12/28, 27, 11, 30, 2, 
2016/12/29, 31, 17, 19, 7, 1
2016/12/30, 43, 17, 26, 1, 1
2016/12/31, 38, 11, 30, , 1
2017/1/1, 26, 8, 30, 2, 1
2016/7/1, 29, 9, 29, 1, 1
2016/7/2, 22, 10, 28, , 
2016/7/3, 24, 9, 28, , 
2016/7/4, 22, 9, 25, 3, 
2016/7/5, 25, 11, 28, , 
2016/7/6, 23, 10, 29, , 
2016/7/7, 29, 10, 34, 1, 1
2016/7/8, 32, 8, 28, , 1
2016/7/9, 24, 12, 20, , 
2016/7/10, 32, 12, 28, , 
2016/7/11, 27, 10, 26, , 
2016/7/12, 28, 9, 30, , 
2016/7/13, 16, 9, 26, , 
2016/7/14, 18, 12, 28, , 
2016/7/15, 27, 10, 25, , 
2016/7/16, 25, 11, 28, , 
2016/7/17, 23, 8, 24, , 
2016/7/18, 20, 10, 25, , 
2016/7/19, 22, 11, 26, 1, 1
2016/7/20, 27, 11, 31, 2, 
2016/7/21, 23, 10, 37, 3, 
2016/7/22, 26, 12, 36, 2, 1
2016/7/23, 34, 11, 40, 1, 1
2016/7/24, 31, 17, 37, 2, 1
2016/7/25, 42, 11, 27, , 1
2016/7/26, 31, 10, 32, 2, 1
2016/7/27, 24, 9, 29, , 
2016/7/28, 25, 12, 31, 4, 1
2016/7/29, 30, 10, 29, , 
2016/7/30, 26, 7, 26, , 
2016/7/31, 19, 8, 25, , 
2016/8/1, 20, 8, 26, 1, 
2016/8/2, 22, 10, 28, 3, 
2016/8/3, 25, 16, 27, 1, 1
2016/8/4, 30, 11, 29, , 
2016/8/5, 25, 10, 27, , 
2016/8/6, 21, 11, 27, , 
2016/8/7, 24, 12, 26, , 
2016/8/8, 28, 12, 24, , 
2016/8/9, 23, 10, 20, , 
2016/8/10, 21, 11, 27, , 
2016/8/11, 22, 8, 20, 2, 1
2016/8/12, 23, 15, 25, , 
2016/8/13, 33, 9, 22, , 
2016/8/14, 22, 11, 25, , 
2016/8/15, 28, 8, 21, 1, 
2016/8/16, 20, 7, 28, 1, 
2016/8/17, 19, 7, 21, , 1
2016/8/18, 19, 9, 24, 1, 1
2016/8/19, 24, 13, 29, 3, 1
2016/8/20, 35, 12, 34, 1, 1
2016/8/21, 32, 11, 29, 1, 1
2016/8/22, 30, 6, 26, 1, 1
2016/8/23, 19, 9, 25, 4, 1
2016/8/24, 22, 15, 40, 3, 1
2016/8/25, 40, 22, 69, 3, 1
2016/8/26, 50, 8, 30, 1, 
2016/8/27, 20, 13, 28, 3, 1
2016/8/28, 29, 9, 29, , 1
2016/8/29, 25, 11, 28, , 1
2016/8/30, 27, 12, 35, 2, 1
2016/8/31, 30, 11, 29, 1, 1
2016/9/1, 29, 12, 28, 1, 1
2016/9/2, 27, 8, 26, , 1
2016/9/3, 22, 6, 23, 1, 1
2016/9/4, 17, 7, 23, 1, 
2016/9/5, 23, 8, 29, 3, 
2016/9/6, 22, 13, 34, 3, 1
2016/9/7, 40, 17, 45, 4, 1
2016/9/8, 48, 15, 40, 4, 1
2016/9/9, 46, 12, 37, 2, 1
2016/9/10, 30, 11, 29, 1, 1
2016/9/11, 28, 12, 27, 4, 1
2016/9/12, 25, 15, 41, 3, 1
2016/9/13, 36, 14, 35, 5, 1
2016/9/14, 34, 16, 33, 8, 1
2016/9/15, 40, 13, 35, 3, 1
2016/9/16, 30, 8, 25, , 1
2016/9/17, 21, 7, 25, 1, 
2016/9/18, 19, 8, 27, 2, 
2016/9/19, 20, 10, 30, 1, 1
2016/9/20, 25, 9, 24, 5, 1
2016/9/21, 29, 14, 25, 9, 1
2016/9/22, 34, 14, 31, 2, 
2016/9/23, 33, 10, 31, 1, 
2016/9/24, 21, 13, 36, 2, 1
2016/9/25, 34, 20, 31, 5, 1
2016/9/26, 51, 17, 30, 5, 1
2016/9/27, 37, 20, 25, 1, 1
2016/9/28, 37, 18, 25, , 1
2016/9/29, 29, 12, 26, 1, 
2016/9/30, 25, 12, 26, 2, 
2016/4/1, 21, 10, 24, 4, 1
2016/4/2, 28, 17, 21, 8, 1
2016/4/3, 53, 27, 25, 10, 2
2016/4/4, 66, 13, 27, 3, 2
2016/4/5, 36, 7, 33, 1, 1
2016/4/6, 22, 8, 33, 1, 1
2016/4/7, 23, 8, 37, 1, 1
2016/4/8, 22, 12, 37, 1, 1
2016/4/9, 28, 11, 35, 6, 1
2016/4/10, 33, 11, 35, 4, 1
2016/4/11, 25, 15, 33, 4, 1
2016/4/12, 25, 13, 35, 4, 1
2016/4/13, 36, 9, 33, 4, 1
2016/4/14, 25, 13, 27, 5, 1
2016/4/15, 32, 10, 36, 3, 1
2016/4/16, 31, 12, 35, , 1
2016/4/17, 25, 12, 34, 1, 1
2016/4/18, 27, 16, 36, , 1
2016/4/19, 32, 14, 33, 1, 1
2016/4/20, 31, 13, 35, 1, 1
2016/4/21, 26, 11, 35, , 1
2016/4/22, 22, 9, 35, 1, 1
2016/4/23, 17, 5, 33, 1, 1
2016/4/24, 18, 5, 32, 2, 1
2016/4/25, 16, 6, 28, 3, 1
2016/4/26, 22, 5, 35, 2, 1
2016/4/27, 20, 5, 36, 3, 1
2016/4/28, 20, 9, 35, 3, 1
2016/4/29, 29, 11, 30, 4, 1
2016/4/30, 37, 8, 36, 1, 1
2016/5/1, 24, 11, 39, 5, 1
2016/5/2, 27, 11, 39, 3, 1
2016/5/3, 30, 12, 39, 1, 1
2016/5/4, 29, 11, 38, 1, 1
2016/5/5, 31, 14, 44, 3, 1
2016/5/6, 31, 15, 46, 3, 1
2016/5/7, 33, 21, 48, 3, 1
2016/5/8, 41, 20, 46, 4, 1
2016/5/9, 40, 22, 50, 3, 1
2016/5/10, 48, 22, 46, 5, 2
2016/5/11, 44, 13, 39, 3, 1
2016/5/12, 23, 15, 48, 2, 1
2016/5/13, 28, 8, 35, , 1
2016/5/14, 18, 13, 30, , 1
2016/5/15, 11, 2, 32, , 1
2016/5/16, 11, 9, 39, , 1
2016/5/17, 15, 9, 41, 1, 1
2016/5/18, 24, 16, 38, 6, 1
2016/5/19, 41, 15, 36, 5, 1
2016/5/20, 44, 11, 34, 2, 1
2016/5/21, 36, 15, 46, 3, 1
2016/5/22, 44, 12, 28, 1, 1
2016/5/23, 38, 13, 31, 2, 1
2016/5/24, 38, 14, 36, 3, 1
2016/5/25, 39, 7, 28, 3, 1
2016/5/26, 16, 8, 32, 2, 1
2016/5/27, 20, 9, 34, 2, 1
2016/5/28, 27, 15, 43, 1, 1
2016/5/29, 40, 19, 37, 1, 1
2016/5/30, 47, 17, 32, 2, 1
2016/5/31, 46, 16, 41, 2, 1
2016/6/1, 40, 18, 31, 2, 1
2016/6/2, 48, , , , 
2016/6/3, 75, , , , 
2016/6/4, 70, , , , 
2016/6/5, 36, , , , 
2016/6/7, 53, , , , 
2016/6/8, 24, , , , 
2016/6/13, 30, 12, 33, 3, 1
2016/6/14, 40, 13, 38, 3, 1
2016/6/15, 40, 9, 27, 2, 1
2016/6/16, 28, 9, 38, 2, 1
2016/6/17, 29, 9, 34, , 1
2016/6/18, 25, 13, 33, , 1
2016/6/19, 30, 12, 39, 1, 1
2016/6/20, 30, 13, 31, 1, 1
2016/6/21, 31, 14, 30, 3, 1
2016/6/22, 39, 17, 41, 3, 1
2016/6/23, 43, 17, 42, 2, 1
2016/6/24, 48, 8, 33, 1, 1
2016/6/25, 24, 8, 36, 1, 1
2016/6/26, 22, 11, 35, 1, 1
2016/6/27, 29, 10, 31, 1, 
2016/6/28, 25, 11, 35, 3, 1
2016/6/29, 29, 9, 31, 2, 1
2016/6/30, 26, 10, 25, 2, 1
2016/1/4, 26, 8, 26, 2, 1
2016/1/5, 22, 7, 17, 3, 1
2016/1/6, 25, 10, 24, 3, 1
2016/1/7, 34, 21, 15, 6, 4
2016/1/8, 57, 3, 12, , 2
2016/1/9, 10, 3, 16, , 2
2016/1/10, 9, 13, 12, 12, 2
2016/1/11, 37, 12, 13, 9, 2
2016/1/12, 42, 5, 25, 2, 1
2016/1/13, 23, 7, 22, 8, 1
2016/1/14, 26, 10, 21, 10, 1
2016/1/15, 36, 13, 25, 16, 2
2016/1/16, 48, 7, 27, 3, 1
2016/1/17, 30, 7, 23, 4, 1
2016/1/18, 24, 8, 25, 3, 2
2016/1/19, 24, 5, 30, 1, 2
2016/1/20, 20, 10, 20, 8, 3
2016/1/21, 38, 10, 21, 11, 3
2016/1/22, 36, 15, 18, 8, 4
2016/1/23, 52, 6, 20, 4, 3
2016/1/24, 22, 5, 8, 5, 2
2016/1/25, 17, 14, 27, 3, 2
2016/1/26, 29, 6, 26, 1, 2
2016/1/27, 16, 13, 31, , 1
2016/1/28, 31, 13, 31, 2, 2
2016/1/29, 27, 10, , , 
2016/1/30, 35, 8, 32, , 2
2016/1/31, 22, 10, 33, 3, 2
2016/2/1, 25, 20, 33, , 2
2016/2/2, 44, 12, 29, , 2
2016/2/3, 31, 12, 28, , 2
2016/2/4, 27, 9, 27, 4, 2
2016/2/5, 24, 7, 20, 2, 2
2016/2/6, 26, 8, 28, 3, 2
2016/2/7, 27, 7, 29, 2, 2
2016/2/8, 18, 9, 28, 2, 1
2016/2/9, 25, 9, 26, 2, 1
2016/2/10, 28, 7, 23, 2, 1
2016/2/11, 26, 6, 29, 1, 1
2016/2/12, 19, 8, 23, 4, 1
2016/2/13, 26, 12, 22, 1, 1
2016/2/14, 45, 8, 25, , 1
2016/2/15, 26, 9, 22, 6, 1
2016/2/16, 28, 7, 25, 5, 1
2016/2/17, 23, 18, 15, 7, 1
2016/2/18, 57, 17, 16, 10, 2
2016/2/19, 56, 10, 31, 3, 1
2016/2/20, 26, 11, 32, , 1
2016/2/21, 20, 10, 32, , 1
2016/2/22, 22, 13, 31, , 1
2016/2/23, 26, 11, 32, , 1
2016/2/24, 23, 8, 32, 1, 1
2016/2/25, 19, 11, 28, 2, 1
2016/2/26, 25, 11, 23, 4, 1
2016/2/27, 49, 10, 21, 3, 1
2016/2/28, 35, 9, 28, 4, 1
2016/2/29, 27, 7, 31, 4, 1
2016/3/1, 25, 8, 34, 6, 1
2016/3/2, 26, 10, 33, 6, 1
2016/3/3, 24, 8, 23, 5, 1
2016/3/4, 27, 29, , , 
2016/3/5, 95, 11, , , 
2016/3/6, 42, 7, 24, 2, 1
2016/3/7, 27, 8, 21, 5, 2
2016/3/8, 28, 12, 17, 8, 2
2016/3/9, 41, 14, 25, 5, 1
2016/3/10, 54, 9, 23, 4, 2
2016/3/11, 34, 7, 28, 1, 1
2016/3/12, 26, 9, 28, 1, 1
2016/3/13, 32, 10, 29, 2, 2
2016/3/14, 32, 8, 26, 3, 1
2016/3/15, 22, 9, 31, 5, 1
2016/3/16, 25, 9, 26, 3, 1
2016/3/17, 25, 5, 23, 1, 1
2016/3/18, 19, 9, 30, 3, 1
2016/3/19, 28, 12, , , 
2016/3/20, 36, 9, 34, 1, 1
2016/3/21, 21, 8, 30, 1, 1
2016/3/22, 22, 7, 29, 1, 1
2016/3/23, 23, 7, 29, 3, 1
2016/3/24, 25, 10, 28, 3, 1
2016/3/25, 38, 11, 33, 1, 1
2016/3/26, 25, 10, 32, 2, 1
2016/3/27, 37, 7, 31, 3, 1
2016/3/28, 26, 8, 30, 2, 1
2016/3/29, 25, 10, 33, 3, 1
2016/3/30, 21, 10, 34, 1, 1
2016/3/31, 22, 9, 30, 1, 1
2015/10/1, 29, 11, 30, 1, 1
2015/10/2, 27, 15, 32, 3, 1
2015/10/3, 40, 11, 25, 3, 1
2015/10/4, 41, 17, 23, 7, 1
2015/10/5, 51, 12, 25, 2, 1
2015/10/6, 21, 14, 23, 1, 1
2015/10/7, 29, 16, 24, 3, 1
2015/10/8, 41, 14, 25, 4, 1
2015/10/9, 35, 8, 25, 2, 1
2015/10/10, 26, 5, 27, 1, 1
2015/10/11, 19, 7, 26, 2, 3
2015/10/12, 22, 9, 22, 2, 1
2015/10/13, 25, 21, 27, 2, 1
2015/10/14, 55, 31, 31, 3, 1
2015/10/15, 75, 18, 22, 2, 1
2015/10/16, 50, 27, 14, 2, 2
2015/10/17, 75, 34, 16, 2, 2
2015/10/18, 87, 11, 11, 6, 1
2015/10/19, 38, 9, 20, 4, 1
2015/10/20, 23, 8, 24, 3, 1
2015/10/21, 19, 8, 26, 4, 1
2015/10/22, 22, 19, 28, , 
2015/10/23, 35, 20, 20, 3, 1
2015/10/24, 40, 10, 28, 1, 
2015/10/25, 25, 15, 21, 8, 1
2015/10/26, 27, 14, 24, 11, 1
2015/10/27, 35, 13, 25, 4, 1
2015/10/28, 35, 19, 17, 6, 1
2015/10/29, 58, 31, 18, 5, 1
2015/10/30, 83, 40, 19, 5, 2
2015/10/31, 100, 28, 15, 5, 2
2015/11/1, 78, 8, 18, 2, 1
2015/11/2, 23, 9, 12, 6, 1
2015/11/3, 32, 17, 13, 7, 1
2015/11/4, 57, 17, 2, 12, 1
2015/11/5, 54, 16, 2, 12, 2
2015/11/6, 54, 7, 18, 2, 
2015/11/7, 16, 15, 31, 1, 
2015/11/8, 26, 14, 29, 1, 
2015/11/9, 23, 9, 25, , 1
2015/11/10, 25, 11, 28, 1, 1
2015/11/11, 24, 16, 28, 1, 1
2015/11/12, 30, 12, 32, 3, 1
2015/11/13, 24, 9, 31, , 
2015/11/14, 19, 8, 25, 2, 1
2015/11/15, 23, 8, 30, 3, 1
2015/11/16, 20, 9, 28, 2, 1
2015/11/17, 18, 11, 29, 1, 1
2015/11/18, 21, 10, 29, , 
2015/11/19, 20, 4, 21, 2, 1
2015/11/20, 12, 4, 23, 1, 1
2015/11/21, 14, 4, 25, , 1
2015/11/22, 18, 8, 21, 11, 1
2015/11/23, 30, 8, 18, 6, 1
2015/11/24, 20, 8, 12, 9, 2
2015/11/25, 30, 9, 15, 4, 1
2015/11/26, 29, 11, 18, 7, 1
2015/11/27, 26, 8, 27, 2, 1
2015/11/28, 21, 9, 32, 1, 1
2015/11/29, 18, 14, 32, , 
2015/11/30, 30, 14, 29, 1, 
2015/12/1, 30, 14, 25, 4, 
2015/12/2, 32, 11, 21, 5, 1
2015/12/3, 32, 14, 29, 3, 
2015/12/4, 31, 17, 24, 2, 1
2015/12/5, 34, 19, 32, 1, 
2015/12/6, 43, 21, 30, 6, 
2015/12/7, 40, 13, 18, 8, 1
2015/12/8, 37, 15, 25, 3, 1
2015/12/9, 33, 13, 19, 3, 
2015/12/10, 32, 6, 31, 2, 
2015/12/11, 15, 8, 26, 1, 1
2015/12/12, 21, 11, 26, 1, 1
2015/12/13, 34, 11, 30, 14, 2
2015/12/14, 35, 8, 24, 10, 1
2015/12/15, 26, 15, 18, 7, 1
2015/12/16, 49, 13, 17, 7, 1
2015/12/17, 31, 24, 24, 5, 1
2015/12/18, 50, 17, 19, 3, 1
2015/12/19, 44, 17, 16, 3, 1
2015/12/20, 47, 13, 26, 2, 1
2015/12/21, 32, 19, 29, 1, 1
2015/12/22, 38, 10, 30, , 1
2015/12/23, 26, 14, 24, 3, 1
2015/12/24, 30, 16, 31, , 1
2015/12/25, 33, 5, 28, 1, 1
2015/12/26, 16, 10, 28, 1, 1
2015/12/27, 27, 8, 27, 1, 1
2015/12/28, 21, 8, 26, , 1
2015/12/29, 28, 16, 20, 3, 1
2015/12/30, 53, , , , 
2016/1/1, 78, 14, 23, 1, 1
2016/1/2, 47, 7, 26, , 1
2016/1/3, 21, 9, 27, 2, 1
2015/7/1, 29, 11, 31, 2, 1
2015/7/2, 22, 18, 28, 2, 1
2015/7/3, 41, 22, 44, 4, 1
2015/7/4, 55, 26, 58, 4, 1
2015/7/5, 61, 11, 64, 3, 1
2015/7/6, 23, 12, 40, 1, 1
2015/7/7, 28, 12, 32, 1, 
2015/7/8, 26, 12, 26, , 
2015/7/9, 24, 13, 31, , 
2015/7/10, 26, 10, 29, , 
2015/7/11, 22, 10, 33, 2, 1
2015/7/12, 30, 8, 29, , 1
2015/7/13, 25, 8, 30, , 1
2015/7/14, 22, 9, 28, , 
2015/7/15, 22, 9, 31, , 
2015/7/16, 19, 10, 30, 1, 
2015/7/17, 21, 14, 37, 1, 1
2015/7/18, 30, 11, 32, , 1
2015/7/19, 25, 8, 36, , 1
2015/7/20, 21, 12, 32, 2, 1
2015/7/21, 30, 14, 41, 1, 1
2015/7/22, 31, 10, 31, , 1
2015/7/23, 24, 12, 35, 1, 1
2015/7/24, 29, 12, 33, 2, 1
2015/7/25, 28, 10, 31, , 
2015/7/26, 20, 11, 29, 1, 2
2015/7/27, 29, 11, 29, 1, 1
2015/7/28, 21, 9, 33, , 
2015/7/29, 18, 11, 31, 2, 1
2015/7/30, 25, 11, 31, , 1
2015/7/31, 23, 10, 33, , 1
2015/8/1, 29, 12, 43, 1, 1
2015/8/2, 33, 15, 47, 3, 1
2015/8/3, 37, 30, 59, 2, 1
2015/8/4, 58, 13, 35, 1, 1
2015/8/5, 28, 17, 39, 4, 1
2015/8/6, 34, 17, 42, 3, 1
2015/8/7, 35, 13, 31, 1, 1
2015/8/8, 32, 10, 39, , 1
2015/8/9, 27, 17, 35, 4, 1
2015/8/10, 37, 14, 38, 2, 1
2015/8/11, 30, 8, 32, 1, 1
2015/8/12, 21, 14, 33, 2, 1
2015/8/13, 25, 18, 33, 1, 1
2015/8/14, 19, 22, 41, 2, 1
2015/8/15, 41, 19, 36, 2, 1
2015/8/16, 37, 23, 34, 1, 1
2015/8/17, 33, 19, 28, 1, 1
2015/8/18, 29, 22, 36, 2, 1
2015/8/19, 32, 26, 41, 4, 1
2015/8/20, 45, 26, 40, 5, 1
2015/8/21, 47, 24, 42, 4, 1
2015/8/22, 43, 24, 38, 2, 1
2015/8/23, 39, 20, 36, 3, 1
2015/8/24, 50, 13, 33, 2, 1
2015/8/25, 30, 12, 26, 3, 1
2015/8/26, 31, 8, 30, 3, 1
2015/8/27, 23, 9, 34, 1, 1
2015/8/28, 23, 12, 36, 1, 1
2015/8/29, 25, 13, 34, 2, 1
2015/8/30, 32, 12, 23, 4, 1
2015/8/31, 30, 11, 29, 2, 1
2015/9/1, 27, 9, 36, , 1
2015/9/2, 20, 9, 32, 2, 1
2015/9/3, 20, 10, 33, 4, 1
2015/9/4, 28, 10, 30, 1, 1
2015/9/5, 24, 8, 30, , 1
2015/9/6, 19, 11, 27, , 1
2015/9/7, 22, 9, 27, 1, 1
2015/9/8, 19, 8, 27, 3, 1
2015/9/9, 20, 10, 23, 4, 1
2015/9/10, 25, 12, 31, 2, 1
2015/9/11, 34, 15, 30, 2, 1
2015/9/12, 44, 25, 23, 2, 1
2015/9/13, 71, 24, 32, 3, 1
2015/9/14, 66, 7, 28, 2, 1
2015/9/15, 20, 10, 26, 4, 1
2015/9/16, 25, 7, 27, 3, 1
2015/9/17, 20, 12, 32, 1, 1
2015/9/18, 29, 9, 35, 1, 1
2015/9/19, 23, 8, 30, , 1
2015/9/20, 19, 7, 34, 2, 1
2015/9/21, 18, 12, 21, 5, 1
2015/9/22, 40, 10, 25, 4, 1
2015/9/23, 36, 11, 23, 4, 1
2015/9/24, 34, 9, 26, 2, 1
2015/9/25, 23, 11, 28, , 1
2015/9/26, 22, 9, 25, 1, 1
2015/9/27, 22, 8, 23, 4, 1
2015/9/28, 22, 7, 26, 7, 1
2015/9/29, 22, 7, 30, 3, 1
2015/9/30, 24, 10, 31, 1, 1
2015/4/6, 38, 10, 33, 2, 1
2015/4/7, 28, 12, 28, 2, 1
2015/4/8, 27, 15, 34, 1, 1
2015/4/9, 41, 15, 31, 5, 1
2015/4/10, 39, 19, 35, 4, 1
2015/4/11, 48, 11, 38, 6, 2
2015/4/12, 23, 13, 35, , 1
2015/4/13, 25, 14, 33, , 1
2015/4/14, 32, 9, 31, 2, 1
2015/4/15, 27, 13, 35, 1, 1
2015/4/16, 27, 10, 36, , 1
2015/4/17, 25, 7, 34, 1, 1
2015/4/18, 25, 9, 36, 1, 1
2015/4/19, 27, 9, 32, 2, 1
2015/4/20, 21, 17, 39, 1, 1
2015/4/21, 40, 19, 37, 2, 1
2015/4/22, 39, 12, 37, 1, 1
2015/4/23, 29, 11, 30, 1, 1
2015/4/24, 31, 16, 33, 1, 1
2015/4/25, 47, 6, 33, 4, 1
2015/4/26, 19, 8, 35, 1, 1
2015/4/27, 25, 10, 32, 1, 1
2015/4/28, 24, 12, 35, , 1
2015/4/29, 31, 9, 33, 2, 1
2015/4/30, 26, 8, 36, 4, 1
2015/5/1, 30, 9, 43, 3, 1
2015/5/2, 26, 10, 41, , 1
2015/5/3, 27, 14, 41, 1, 1
2015/5/4, 44, 12, 40, 2, 1
2015/5/5, 33, 16, 40, 4, 1
2015/5/6, 35, 9, 47, 2, 1
2015/5/7, 24, 9, 39, 1, 1
2015/5/8, 25, 12, 41, 1, 1
2015/5/9, 35, 9, 35, 5, 1
2015/5/10, 24, 14, 37, 1, 1
2015/5/11, 32, 12, 35, 4, 1
2015/5/12, 34, 11, 38, 3, 1
2015/5/13, 25, 12, 35, , 1
2015/5/14, 32, 10, 36, 1, 1
2015/5/15, 29, 13, 36, 1, 1
2015/5/16, 32, 14, 36, 1, 1
2015/5/17, 29, 10, 35, , 1
2015/5/18, 26, 9, 34, 1, 1
2015/5/19, 27, 9, 36, 1, 1
2015/5/20, 28, 11, 37, 2, 1
2015/5/21, 30, 14, 38, 1, 1
2015/5/22, 36, 13, 40, 1, 1
2015/5/23, 31, 14, 36, , 1
2015/5/24, 33, 9, 34, 1, 1
2015/5/25, 26, 8, 28, 1, 1
2015/5/26, 21, 11, 30, 1, 1
2015/5/27, 25, 13, 32, , 
2015/5/28, 33, 10, 33, 3, 1
2015/5/29, 24, 8, 36, 1, 1
2015/5/30, 22, 11, 33, 1, 1
2015/5/31, 29, 11, 34, 1, 1
2015/6/1, 28, 13, 32, , 
2015/6/2, 36, 13, 28, 4, 
2015/6/3, 32, 10, 33, , 
2015/6/4, 28, 8, 36, , 1
2015/6/5, 21, 15, 36, 2, 1
2015/6/6, 38, 13, 43, 2, 1
2015/6/7, 31, 10, 32, , 1
2015/6/8, 26, 12, 32, , 1
2015/6/9, 31, 10, 29, 3, 1
2015/6/10, 18, 11, 38, 3, 1
2015/6/11, 21, 14, 31, 1, 1
2015/6/12, 27, 19, 33, 3, 1
2015/6/13, 43, 7, 42, 5, 1
2015/6/14, 19, 9, 36, , 1
2015/6/15, 20, 11, 30, , 
2015/6/16, 22, 10, 34, , 1
2015/6/17, 23, 81, 33, 1, 1
2015/6/18, 19, 13, 27, 1, 1
2015/6/19, 18, 4, 29, 1, 1
2015/6/20, 27, 23, 29, 1, 1
2015/6/21, 26, 38, 28, , 1
2015/6/22, 20, 35, 28, 2, 1
2015/6/23, 30, 10, 32, 2, 1
2015/6/24, 35, 8, 30, 1, 1
2015/6/25, 23, 7, 31, , 1
2015/6/26, 22, 10, 30, , 1
2015/6/27, 32, 10, 25, 4, 1
2015/6/28, 29, 10, 27, 1, 
2015/6/29, 30, 9, 31, 1, 1
2015/6/30, 26, 12, 27, 1, 
2015/1/1, 56, 11, 33, 1, 1
2015/1/2, 25, 12, 33, 1, 1
2015/1/3, 23, 14, 31, 1, 1
2015/1/4, 31, 8, 29, 8, 1
2015/1/5, 27, 8, 19, 6, 1
2015/1/6, 27, 13, 24, 5, 1
2015/1/7, 35, 10, 22, 4, 1
2015/1/8, 24, 19, 34, 1, 1
2015/1/9, 35, 18, 34, , 1
2015/1/10, 31, 13, 33, , 1
2015/1/11, 29, 14, 32, 1, 1
2015/1/12, 30, 15, 31, 4, 1
2015/1/13, 32, 8, 29, 2, 1
2015/1/14, 22, 8, 26, 4, 1
2015/1/15, 19, 15, 29, 2, 1
2015/1/16, 35, 13, 30, 2, 1
2015/1/17, 31, 15, 19, 6, 1
2015/1/18, 46, 13, 12, 9, 2
2015/1/19, 47, 15, 16, 12, 2
2015/1/20, 52, 14, 9, 9, 2
2015/1/21, 53, 11, 10, 8, 2
2015/1/22, 43, 7, 19, 2, 1
2015/1/23, 26, 11, 19, 5, 2
2015/1/24, 41, 12, 30, 4, 1
2015/1/25, 28, 5, 20, 8, 2
2015/1/26, 18, 10, 29, 2, 1
2015/1/27, 20, 6, 24, 3, 1
2015/1/28, 16, 6, 34, 2, 1
2015/1/29, 16, 9, 20, 9, 2
2015/1/30, 34, 11, 22, 2, 2
2015/1/31, 38, 8, 24, 2, 1
2015/2/1, 27, 5, 22, 1, 1
2015/2/2, 20, 6, 20, 1, 2
2015/2/3, 25, 7, 20, 1, 1
2015/2/4, 27, 11, 16, 9, 2
2015/2/5, 41, 12, 15, 9, 3
2015/2/6, 44, 12, 32, 1, 1
2015/2/7, 22, 15, 34, , 1
2015/2/8, 32, 12, 30, 2, 1
2015/2/9, 26, 11, 27, 2, 1
2015/2/10, 24, 8, 27, 2, 1
2015/2/11, 24, 10, 25, 4, 1
2015/2/12, 34, 8, 17, 6, 1
2015/2/13, 33, 18, 17, 6, 2
2015/2/14, 58, 22, 29, 1, 2
2015/2/15, 67, 24, 28, 2, 2
2015/2/16, 74, 33, 18, 5, 2
2015/2/17, 87, 14, 26, 4, 1
2015/2/18, 26, 18, 20, 9, 2
2015/2/19, 49, 15, 20, 8, 2
2015/2/20, 46, 7, 22, 5, 2
2015/2/21, 22, 10, 31, 1, 1
2015/2/22, 28, 10, 24, 5, 1
2015/2/23, 30, 12, 25, 5, 1
2015/2/24, 36, 18, 27, 4, 1
2015/2/25, 41, 14, 24, 9, 2
2015/2/26, 40, 16, 23, 7, 2
2015/2/27, 47, 10, 32, 3, 1
2015/2/28, 29, 11, 29, 2, 1
2015/3/1, 27, 8, 33, 2, 1
2015/3/2, 21, 11, 33, 1, 1
2015/3/3, 27, 8, 31, 2, 1
2015/3/4, 24, 12, 31, 2, 1
2015/3/5, 24, 14, 26, 2, 1
2015/3/6, 32, 14, 29, 4, 1
2015/3/7, 39, 16, 30, 4, 2
2015/3/8, 48, 13, 32, 2, 1
2015/3/9, 33, 15, 32, 2, 1
2015/3/10, 38, 16, 31, 2, 1
2015/3/11, 29, 13, 22, 8, 1
2015/3/12, 32, 10, 30, 4, 1
2015/3/13, 25, 11, 26, 2, 1
2015/3/14, 32, 15, 26, 2, 2
2015/3/15, 48, 24, 27, 4, 2
2015/3/16, 64, 32, 29, 5, 2
2015/3/17, 65, 26, 36, 5, 2
2015/3/18, 62, 34, 36, 12, 2
2015/3/19, 76, 21, 27, 8, 2
2015/3/20, 59, 9, 30, 1, 1
2015/3/21, 24, 5, 34, 1, 1
2015/3/22, 17, 9, 29, 3, 1
2015/3/23, 26, 16, 27, 3, 2
2015/3/24, 44, 14, 28, 7, 2
2015/3/25, 42, 15, 30, 6, 2
2015/3/26, 39, 26, 19, 10, 2
2015/3/27, 42, 5, 33, 2, 1
2015/3/28, 21, 8, 32, 1, 1
2015/3/29, 18, 14, 36, 1, 1
2015/3/30, 22, 9, 33, 2, 1
2015/3/31, 17, , 33, , 1
2014/10/1, 35, 15, 17, 5, 1
2014/10/2, 46, 16, 15, 9, 1
2014/10/3, 48, 23, 36, 3, 1
2014/10/4, 66, 31, 36, 3, 1
2014/10/5, 80, 21, 27, 3, 1
2014/10/6, 58, 24, 26, 3, 1
2014/10/7, 65, 10, 23, 3, 1
2014/10/8, 28, 11, 21, 4, 1
2014/10/9, 35, 16, 21, 4, 1
2014/10/10, 45, 15, 20, 4, 1
2014/10/11, 45, 10, 27, 2, 
2014/10/12, 40, 8, 20, 7, 1
2014/10/13, 25, 7, 18, 3, 1
2014/10/14, 19, 5, 23, 4, 1
2014/10/15, 16, 9, 22, 4, 1
2014/10/16, 29, 11, 17, 6, 1
2014/10/17, 37, 12, 19, 3, 1
2014/10/18, 35, 10, 27, 3, 1
2014/10/19, 26, 17, 26, , 1
2014/10/20, 37, 11, 17, 4, 1
2014/10/21, 28, 8, 19, 3, 1
2014/10/22, 24, 10, 19, 3, 1
2014/10/23, 34, 18, 17, 6, 1
2014/10/24, 50, 15, 12, 4, 1
2014/10/25, 51, 11, 21, 2, 1
2014/10/26, 28, 13, 23, 2, 1
2014/10/27, 36, 13, 14, 6, 1
2014/10/28, 40, 17, 26, 6, 1
2014/10/29, 50, 14, 21, 8, 1
2014/10/30, 35, 15, 8, 12, 1
2014/10/31, 46, 17, 2, 10, 2
2014/11/1, 54, 16, 12, 7, 1
2014/11/2, 47, 11, 25, 3, 1
2014/11/3, 32, 10, 27, 3, 1
2014/11/4, 29, 6, 26, 3, 1
2014/11/5, 21, 5, 20, 2, 1
2014/11/6, 18, 11, 17, 8, 1
2014/11/7, 36, 14, 15, 5, 
2014/11/8, 44, 12, 19, 3, 
2014/11/9, 39, 17, 10, 8, 1
2014/11/10, 57, 13, 18, 9, 1
2014/11/11, 44, 25, 21, 3, 1
2014/11/12, 68, 35, 14, 4, 2
2014/11/13, 90, 27, 16, 5, 1
2014/11/14, 69, 17, 18, 1, 1
2014/11/15, 54, 24, 19, 1, 1
2014/11/16, 68, 14, 11, 4, 2
2014/11/17, 45, 15, 13, 3, 1
2014/11/18, 50, 14, 18, 2, 1
2014/11/19, 41, 8, 9, 5, 1
2014/11/20, 29, 12, 3, 6, 2
2014/11/21, 40, 9, 20, 4, 1
2014/11/22, 30, 20, 15, 3, 2
2014/11/23, 64, 13, 27, 3, 1
2014/11/24, 35, 12, 25, 5, 1
2014/11/25, 25, 14, 17, 15, 1
2014/11/26, 33, 12, 23, 4, 1
2014/11/27, 41, 13, 28, 3, 1
2014/11/28, 50, 11, 27, 1, 1
2014/11/29, 41, 17, 26, 2, 1
2014/11/30, 54, 13, 24, 3, 1
2014/12/1, 45, 18, 20, 3, 1
2014/12/2, 60, 15, 21, 3, 1
2014/12/3, 51, 17, 17, 7, 1
2014/12/4, 49, 26, 16, 9, 2
2014/12/5, 73, 12, 23, 7, 2
2014/12/6, 36, 8, 21, 3, 1
2014/12/7, 21, 8, 24, 2, 1
2014/12/8, 20, 9, 23, 3, 1
2014/12/9, 28, 10, 29, 3, 1
2014/12/10, 23, 7, 31, 1, 1
2014/12/11, 18, 5, 32, 2, 1
2014/12/12, 17, 11, 30, , 1
2014/12/13, 28, 12, 25, 3, 1
2014/12/14, 34, 10, 29, 4, 1
2014/12/15, 29, 8, 27, 2, 1
2014/12/16, 20, 12, 26, 4, 1
2014/12/17, 32, 7, 22, 4, 1
2014/12/18, 21, 11, 31, , 1
2014/12/19, 24, 10, 33, , 1
2014/12/20, 22, 13, 28, 1, 1
2014/12/21, 26, 6, 32, 1, 1
2014/12/22, 17, 13, 32, , 1
2014/12/23, 26, 7, 31, 1, 1
2014/12/24, 18, 5, 26, 1, 1
2014/12/25, 21, 8, 17, 5, 1
2014/12/26, 31, 12, 16, 7, 1
2014/12/27, 39, 9, 24, 4, 1
2014/12/28, 33, , , , 
2014/7/1, 24, 10, 34, 1, 1
2014/7/2, 28, 12, 39, 1, 1
2014/7/3, 30, 18, 77, 3, 1
2014/7/4, 45, 24, 53, 4, 1
2014/7/5, 60, 16, 35, 2, 1
2014/7/6, 40, 14, 34, 3, 1
2014/7/7, 34, 20, 48, 2, 1
2014/7/8, 44, 25, 43, 2, 1
2014/7/9, 49, 19, 37, 1, 1
2014/7/10, 44, 14, 34, 2, 
2014/7/11, 33, 12, 28, 1, 
2014/7/12, 26, 8, 28, 1, 
2014/7/13, 21, 10, 32, 2, 1
2014/7/14, 30, 18, 38, 1, 1
2014/7/15, 38, 10, 29, 1, 1
2014/7/16, 25, 14, 36, 3, 1
2014/7/17, 32, 19, 45, 4, 1
2014/7/18, 43, 15, 40, 3, 1
2014/7/19, 39, 17, 40, 3, 1
2014/7/20, 37, 19, 38, 2, 1
2014/7/21, 41, 18, 37, 2, 1
2014/7/22, 42, 15, 35, 3, 1
2014/7/23, 35, 20, 37, 2, 1
2014/7/24, 41, 23, 39, 2, 1
2014/7/25, 45, 21, 50, 2, 1
2014/7/26, 52, 26, 49, 3, 1
2014/7/27, 58, 25, 55, 2, 1
2014/7/28, 60, 13, 41, 1, 1
2014/7/29, 32, 13, 37, 2, 1
2014/7/30, 29, 13, 35, , 1
2014/7/31, 29, 22, 47, 2, 1
2014/8/1, 54, 17, 41, 2, 1
2014/8/2, 42, 17, 49, 1, 1
2014/8/3, 43, 16, 43, 1, 1
2014/8/4, 39, 12, 36, 1, 1
2014/8/5, 31, 18, 39, 1, 1
2014/8/6, 35, 18, 41, 5, 1
2014/8/7, 43, 15, 38, 3, 1
2014/8/8, 39, 16, 44, 3, 1
2014/8/9, 38, 15, 41, 1, 1
2014/8/10, 32, 15, 31, 1, 1
2014/8/11, 32, 11, 37, 2, 1
2014/8/12, 30, 11, 40, 2, 1
2014/8/13, 27, 11, 33, 1, 1
2014/8/14, 29, 11, 34, 1, 1
2014/8/15, 23, 12, 32, , 1
2014/8/16, 23, 8, 26, 1, 1
2014/8/17, 23, 11, 29, 1, 1
2014/8/18, 25, 11, 30, , 
2014/8/19, 23, 11, 33, , 1
2014/8/20, 24, 9, 35, , 1
2014/8/21, 24, 10, 32, 2, 1
2014/8/22, 29, 8, 34, 1, 1
2014/8/23, 19, 9, 32, , 1
2014/8/24, 22, 8, 35, 1, 1
2014/8/25, 20, 10, 31, 1, 1
2014/8/26, 24, 9, 29, 2, 1
2014/8/27, 24, 11, 35, 2, 1
2014/8/28, 26, 13, 35, 9, 1
2014/8/29, 37, 13, 25, 3, 1
2014/8/30, 32, 8, 25, 3, 1
2014/8/31, 25, 8, 31, 2, 1
2014/9/1, 26, 11, 31, 4, 1
2014/9/2, 30, 12, 29, 7, 1
2014/9/3, 30, 12, 34, 5, 1
2014/9/4, 29, 15, 38, 4, 1
2014/9/5, 39, 18, 46, 3, 1
2014/9/6, 48, 25, 35, 5, 1
2014/9/7, 64, 10, 30, 1, 1
2014/9/8, 23, 11, 32, 1, 1
2014/9/9, 33, 7, 28, 1, 1
2014/9/10, 22, 12, 28, 3, 1
2014/9/11, 37, 13, 28, 4, 1
2014/9/12, 46, 13, 20, 2, 1
2014/9/13, 42, 17, 25, 1, 1
2014/9/14, 49, 14, 25, 2, 1
2014/9/15, 37, 14, 27, 3, 1
2014/9/16, 33, 15, 35, 3, 1
2014/9/17, 39, 23, 43, 4, 1
2014/9/18, 56, 26, 31, 5, 2
2014/9/19, 63, 27, 35, 5, 2
2014/9/20, 73, 14, 35, 2, 1
2014/9/21, 38, 7, 29, , 1
2014/9/22, 19, 10, 25, 3, 1
2014/9/23, 31, 26, 26, 4, 1
2014/9/24, 71, 9, 28, 1, 1
2014/9/25, 25, 10, 24, 1, 1
2014/9/26, 26, 18, 27, , 1
2014/9/27, 36, 13, 27, 1, 1
2014/9/28, 32, 9, 22, 4, 1
2014/9/29, 30, 11, 11, 10, 1
2014/9/30, 35, 11, 20, 7, 1
2014/4/1, 23, 9, 34, 3, 1
2014/4/2, 19, 9, 35, 2, 1
2014/4/3, 27, 8, 32, 3, 1
2014/4/4, 19, 14, 29, 3, 1
2014/4/5, 40, 16, 15, 4, 2
2014/4/6, 52, 8, 20, 2, 1
2014/4/7, 27, 7, 35, 3, 1
2014/4/8, 23, 9, 36, 1, 1
2014/4/9, 24, 6, 29, 2, 1
2014/4/10, 21, 9, 28, 4, 1
2014/4/11, 26, 9, 37, 3, 1
2014/4/12, 27, 13, 38, , 1
2014/4/13, 29, 9, 36, , 1
2014/4/14, 21, 10, 35, 1, 1
2014/4/15, 23, 10, 35, 3, 1
2014/4/16, 23, 12, 36, 4, 1
2014/4/17, 25, 9, 38, 1, 1
2014/4/18, 25, 16, 38, 3, 1
2014/4/19, 50, 17, 44, 2, 1
2014/4/20, 48, 22, 40, 2, 1
2014/4/21, 54, 24, 43, 3, 1
2014/4/22, 62, 14, 36, 4, 1
2014/4/23, 33, 13, 33, 4, 1
2014/4/24, 25, 20, 38, 5, 1
2014/4/25, 36, 21, 42, 4, 1
2014/4/26, 43, 20, 44, 3, 1
2014/4/27, 43, 22, 44, 7, 1
2014/4/28, 40, 19, 50, 5, 1
2014/4/29, 48, 17, 48, 3, 1
2014/4/30, 46, 11, 35, 1, 1
2014/5/1, 22, 9, 34, 2, 1
2014/5/2, 23, 12, 40, 2, 1
2014/5/3, 30, 10, 39, 1, 1
2014/5/4, 22, 10, 37, 3, 1
2014/5/5, 28, 15, 38, 3, 1
2014/5/6, 36, 14, 35, 6, 1
2014/5/7, 39, 10, 31, 1, 1
2014/5/8, 26, 7, 31, 1, 1
2014/5/9, 21, 9, 33, 1, 1
2014/5/10, 24, 7, 31, 1, 1
2014/5/11, 20, 8, 33, 1, 1
2014/5/12, 22, 11, 34, 1, 1
2014/5/13, 35, 15, 34, 1, 1
2014/5/14, 57, 9, 33, 4, 1
2014/5/15, 38, 11, 34, 1, 1
2014/5/16, 43, 12, 35, 1, 1
2014/5/17, 46, 11, 28, 2, 1
2014/5/18, 44, 11, 35, 4, 1
2014/5/19, 45, 12, 39, 4, 1
2014/5/20, 50, 17, 49, 5, 1
2014/5/21, 63, 23, 49, 5, 1
2014/5/22, 75, 29, 44, 5, 1
2014/5/23, 88, 9, 43, 1, 1
2014/5/24, 40, 9, 45, 1, 1
2014/5/25, 39, 11, 42, 2, 1
2014/5/26, 48, 14, 29, 2, 1
2014/5/27, 55, 12, 32, 1, 1
2014/5/28, 53, 10, 30, 1, 1
2014/5/29, 43, 14, 41, 1, 1
2014/5/30, 54, 19, 37, 1, 1
2014/5/31, 67, 19, 37, 1, 1
2014/6/1, 68, 17, 43, 4, 1
2014/6/2, 61, 9, 27, 5, 1
2014/6/3, 39, 8, 29, 3, 1
2014/6/4, 34, 12, 34, 3, 1
2014/6/5, 48, 11, 35, 3, 1
2014/6/6, 49, 8, 40, 1, 1
2014/6/7, 37, 11, 40, 4, 1
2014/6/8, 47, 10, 34, 2, 1
2014/6/9, 42, 16, 41, 4, 1
2014/6/10, 46, 15, 40, 5, 1
2014/6/11, 40, 10, 36, 1, 1
2014/6/12, 25, 9, 34, , 
2014/6/13, 20, 7, 29, , 
2014/6/14, 19, 9, 34, 1, 1
2014/6/15, 23, 15, 35, 1, 1
2014/6/16, 35, 9, 34, 1, 1
2014/6/17, 21, 17, 34, 2, 1
2014/6/18, 38, 12, 25, 1, 
2014/6/19, 25, 13, 25, 1, 1
2014/6/20, 27, 10, 29, , 1
2014/6/21, 21, 12, 30, , 
2014/6/22, 28, 12, 28, 1, 1
2014/6/23, 32, 11, 26, 2, 1
2014/6/24, 31, 10, 25, 2, 1
2014/6/25, 28, 11, 28, 4, 1
2014/6/26, 27, 12, 31, 4, 1
2014/6/27, 33, 10, 39, 1, 1
2014/6/28, 31, 8, 32, 1, 1
2014/6/29, 23, 11, 37, 1, 
2014/6/30, 29, 9, 33, 1, 
2014/1/1, 77, 14, 13, 4, 
2014/1/2, 44, 10, 19, 4, 
2014/1/3, 19, 12, 30, 3, 1
2014/1/4, 25, 17, 23, 3, 1
2014/1/5, 45, 9, 19, 5, 1
2014/1/6, 20, 9, 25, 3, 1
2014/1/7, 23, 14, 26, 2, 1
2014/1/8, 30, 9, 28, 4, 1
2014/1/9, 17, 8, 28, 1, 1
2014/1/10, 21, 11, 31, 1, 1
2014/1/11, 22, 12, 29, , 1
2014/1/12, 23, 6, 18, 3, 1
2014/1/13, 18, 10, 11, 12, 1
2014/1/14, 37, 14, 21, 7, 1
2014/1/15, 47, 13, 22, 2, 1
2014/1/16, 48, 9, 17, 4, 2
2014/1/17, 36, 10, 14, 2, 2
2014/1/18, 39, 12, 24, 1, 1
2014/1/19, 42, 11, 22, 1, 1
2014/1/20, 35, 11, 29, 2, 1
2014/1/21, 38, 9, 30, 2, 1
2014/1/22, 25, 7, 29, 1, 1
2014/1/23, 21, 10, 28, 3, 1
2014/1/24, 33, 8, 30, , 1
2014/1/25, 25, 10, 29, 1, 1
2014/1/26, 36, 26, 23, 4, 2
2014/1/27, 80, 31, 22, 6, 2
2014/1/28, 91, 14, 20, 4, 1
2014/1/29, 52, 25, 23, 5, 2
2014/1/30, 71, 34, 22, 6, 2
2014/1/31, 85, 30, 15, 7, 3
2014/2/1, 88, 14, 11, 8, 2
2014/2/2, 50, 12, 8, 11, 2
2014/2/3, 44, 27, 15, 7, 2
2014/2/4, 82, 24, 20, 9, 2
2014/2/5, 75, 16, 17, 8, 1
2014/2/6, 46, 10, 24, 6, 1
2014/2/7, 23, , 26, 3, 1
2014/2/9, 25, 13, 25, 5, 1
2014/2/10, 35, 16, 18, 9, 1
2014/2/11, 52, 11, 22, 5, 1
2014/2/12, 30, 9, 24, 5, 1
2014/2/13, 27, 14, 22, 6, 1
2014/2/14, 40, 8, 27, 2, 1
2014/2/15, 23, 10, 28, 1, 1
2014/2/16, 27, 14, 28, 1, 1
2014/2/17, 30, 14, 15, 8, 1
2014/2/18, 42, 12, 10, 13, 2
2014/2/19, 43, 11, 19, 5, 1
2014/2/20, 32, 9, 29, 3, 1
2014/2/21, 28, 13, 22, 3, 1
2014/2/22, 39, 11, 27, 2, 1
2014/2/23, 34, 10, 26, 5, 1
2014/2/24, 32, 27, 21, 5, 2
2014/2/25, 76, 36, 15, 10, 2
2014/2/26, 94, 29, 6, 15, 2
2014/2/27, 84, 36, 15, 10, 3
2014/2/28, 102, 22, 17, 6, 2
2014/3/1, 66, 24, 21, 3, 2
2014/3/2, 71, 24, 25, 5, 2
2014/3/3, 72, 27, 21, 5, 2
2014/3/4, 85, 28, 16, 7, 2
2014/3/5, 79, 23, 23, 4, 1
2014/3/6, 63, 18, 26, 5, 1
2014/3/7, 54, 18, 32, 1, 1
2014/3/8, 30, 18, 28, 2, 1
2014/3/9, 53, 19, 30, 5, 1
2014/3/10, 58, 8, 28, 4, 1
2014/3/11, 24, 14, 28, 7, 1
2014/3/12, 37, 15, 32, 5, 1
2014/3/13, 36, 16, 31, 2, 1
2014/3/14, 31, 14, 34, , 1
2014/3/15, 29, 13, 36, , 1
2014/3/16, 26, 18, 33, , 1
2014/3/17, 29, 14, 28, , 1
2014/3/18, 34, 15, 31, 1, 1
2014/3/19, 40, 23, 34, 3, 1
2014/3/20, 48, 14, 32, 1, 1
2014/3/21, 34, 10, 29, 2, 1
2014/3/22, 26, 11, 29, 1, 1
2014/3/23, 35, 13, 32, 1, 1
2014/3/24, 30, 10, 33, 2, 1
2014/3/25, 19, 7, 30, 2, 1
2014/3/26, 24, 9, 20, 6, 1
2014/3/27, 29, 13, 35, 4, 1
2014/3/28, 42, 16, 33, 4, 1
2014/3/29, 40, 15, 36, 9, 1
2014/3/30, 46, 20, 34, 7, 1
2014/3/31, 62, 9, 33, 3, 1
2023/4/1, , 6, 36, , 1
2023/4/2, , 7, 36, 1, 1
2023/4/3, , 7, 36, 1, 1
2023/4/4, , 7, 38, 2, 1
2023/4/5, , 7, 37, 2, 1
2023/4/6, , 10, 31, 1, 1
2023/4/7, , 8, 31, 1, 1
2023/4/8, , 10, 35, 2, 1
2023/4/9, , 10, 37, 2, 1
2023/4/10, , 11, 34, 1, 1
2023/4/11, , 10, 34, 2, 1
2023/4/12, , 9, 34, 3, 1
2023/4/13, , 9, 26, 3, 1
2023/4/14, , 11, 35, 1, 1
2023/4/15, , 18, 30, 1, 1
2023/4/16, , 18, 43, 3, 1
2023/4/17, , 20, 41, 2, 1
2023/4/18, , 13, 42, , 1
2023/4/19, , 8, 47, 1, 1
2023/4/20, , 19, 43, 2, 1
2023/4/21, , 17, 43, 3, 1
2023/4/22, , 16, 42, 2, 1
2023/4/23, , 11, 37, 3, 1
2023/4/24, , 8, 35, , 1
2023/4/25, , 13, 34, , 1
2023/4/26, , 12, 30, , 1
2023/4/27, , 10, , , 
2023/1/2, , 8, 29, 1, 1
2023/1/3, , 11, 28, 2, 1
2023/1/4, , 7, 25, 1, 1
2023/1/5, , 7, 29, 1, 1
2023/1/6, , 9, 22, 3, 1
2023/1/7, , 10, 17, 2, 1
2023/1/8, , 7, 23, 3, 1
2023/1/9, , 8, 24, 2, 1
2023/1/10, , 13, 26, 1, 1
2023/1/11, , 11, 29, 2, 1
2023/1/12, , 7, 31, 1, 1
2023/1/13, , 12, 31, 1, 1
2023/1/14, , 10, 32, , 1
2023/1/15, , 9, 29, 2, 1
2023/1/16, , 8, 28, 2, 1
2023/1/17, , 7, 23, 4, 1
2023/1/18, , 8, 17, 5, 1
2023/1/19, , 5, 20, 5, 1
2023/1/20, , 7, 18, 2, 1
2023/1/21, , 5, 22, 1, 1
2023/1/22, , 5, 20, 3, 1
2023/1/23, , 7, 20, 1, 1
2023/1/24, , 8, 19, 2, 1
2023/1/25, , 9, 27, 2, 
2023/1/26, , 6, 23, 4, 1
2023/1/27, , 7, 25, 3, 1
2023/1/28, , 8, 27, , 1
2023/1/29, , 8, 31, , 1
2023/1/30, , 13, 32, , 1
2023/1/31, , 10, 30, , 1
2023/2/1, , 13, 28, 1, 1
2023/2/2, , 9, 30, 1, 1
2023/2/3, , 10, 24, 2, 1
2023/2/4, , 6, 21, 2, 1
2023/2/5, , 7, 21, 3, 1
2023/2/6, , 6, 22, 4, 1
2023/2/7, , 9, 20, 6, 1
2023/2/8, , 11, 29, 6, 1
2023/2/9, , 18, 28, , 1
2023/2/10, , 14, 32, , 1
2023/2/11, , 19, 30, , 1
2023/2/12, , 8, 31, , 1
2023/2/13, , 9, 28, 2, 1
2023/2/14, , 9, 17, 4, 1
2023/2/15, , 14, 19, 8, 2
2023/2/16, , 18, 35, 2, 1
2023/2/17, , 9, 33, , 1
2023/2/18, , 17, 32, , 1
2023/2/19, , 10, 32, , 1
2023/2/20, , 14, 32, 1, 1
2023/2/21, , 20, 27, 2, 1
2023/2/22, , 7, 30, 3, 1
2023/2/23, , 12, 31, , 1
2023/2/24, , 7, 32, , 1
2023/2/25, , 6, 30, , 1
2023/2/26, , 8, 23, 4, 1
2023/2/27, , 11, 24, 5, 1
2023/2/28, , 11, 17, 7, 1
2023/3/1, , 8, 25, 5, 1
2023/3/2, , 7, 30, 2, 1
2023/3/3, , 10, 34, , 1
2023/3/4, , 8, 34, , 1
2023/3/5, , 6, 30, 4, 1
2023/3/6, , 10, 32, 1, 1
2023/3/7, , 6, 33, 2, 1
2023/3/8, , 8, 31, 6, 1
2023/3/9, , 11, 31, 2, 1
2023/3/10, , 8, 34, , 1
2023/3/11, , 7, 34, , 1
2023/3/12, , 8, 36, 1, 1
2023/3/13, , 11, 34, , 1
2023/3/14, , 13, 33, , 1
2023/3/15, , 12, 32, 2, 1
2023/3/16, , 8, 28, 3, 1
2023/3/17, , 12, 17, 5, 1
2023/3/18, , 13, 13, 8, 2
2023/3/19, , 11, 27, 1, 1
2023/3/20, , 4, 23, 4, 1
2023/3/21, , 6, 28, 2, 1
2023/3/22, , 8, 38, , 1
2023/3/23, , 9, 37, , 1
2023/3/24, , 12, 33, , 1
2023/3/25, , 10, 34, , 1
2023/3/26, , 6, 34, , 1
2023/3/27, , 6, 35, , 1
2023/3/28, , 7, 30, 2, 1
2023/3/29, , 10, 33, 3, 1
2023/3/30, , 8, 32, 1, 1
2023/3/31, , 6, 35, , 1
2022/10/1, , 8, 25, , 
2022/10/2, , 10, 24, , 
2022/10/3, , 12, 24, 1, 1
2022/10/4, , 11, 22, 2, 1
2022/10/5, , 11, 28, , 
2022/10/6, , 12, 26, 2, 
2022/10/7, , 12, 26, , 
2022/10/8, , 7, 24, 1, 
2022/10/9, , 9, 27, 3, 1
2022/10/10, , 10, 27, , 
2022/10/11, , 11, 25, 2, 1
2022/10/12, , 10, 15, 5, 1
2022/10/13, , 14, 27, 2, 1
2022/10/14, , 9, 23, 2, 1
2022/10/15, , 9, 28, 1, 1
2022/10/16, , 10, 18, 3, 1
2022/10/17, , 12, 27, , 1
2022/10/18, , 9, 25, 1, 
2022/10/19, , 6, 26, 4, 1
2022/10/20, , 7, 14, 5, 1
2022/10/21, , 15, 10, 4, 1
2022/10/22, , 14, 22, 2, 1
2022/10/23, , 8, 28, 3, 1
2022/10/24, , 9, 25, 1, 1
2022/10/25, , 9, 21, 3, 1
2022/10/26, , 9, 21, 4, 1
2022/10/27, , 11, 11, 4, 1
2022/10/28, , 14, 26, 1, 1
2022/10/29, , 10, 22, 3, 1
2022/10/30, , 10, 18, 3, 1
2022/10/31, , 9, 24, 1, 1
2022/11/1, , 11, 24, 1, 1
2022/11/2, , 8, 19, 3, 1
2022/11/3, , 9, 29, 2, 1
2022/11/4, , 10, 24, 1, 1
2022/11/5, , 8, 18, 2, 1
2022/11/6, , 7, 23, 1, 1
2022/11/7, , 9, 19, 2, 1
2022/11/8, , 8, 24, 2, 1
2022/11/9, , 9, 24, 1, 1
2022/11/10, , 10, 23, 1, 1
2022/11/11, , 13, 20, 1, 1
2022/11/12, , 15, 20, 1, 1
2022/11/13, , 4, 20, 1, 1
2022/11/14, , 7, 21, 3, 1
2022/11/15, , 17, 22, , 1
2022/11/16, , 4, 23, 1, 1
2022/11/17, , 5, 22, 1, 1
2022/11/18, , 4, 22, , 1
2022/11/19, , 4, 20, 1, 1
2022/11/20, , 5, 17, 3, 1
2022/11/21, , 5, 20, 2, 1
2022/11/22, , 11, 11, 5, 2
2022/11/23, , 21, 10, 6, 2
2022/11/24, , 17, 18, 3, 1
2022/11/25, , 10, 16, 2, 1
2022/11/26, , 8, 17, 2, 1
2022/11/27, , 7, 20, 1, 1
2022/11/28, , 9, 20, 3, 1
2022/11/29, , 13, 15, 2, 1
2022/11/30, , 14, 13, 2, 1
2022/12/1, , 9, 23, , 1
2022/12/2, , 6, 20, , 1
2022/12/3, , 8, 17, 1, 1
2022/12/4, , 7, 9, 2, 1
2022/12/5, , 4, 24, 1, 1
2022/12/6, , 4, 26, 1, 1
2022/12/7, , 5, 21, 9, 1
2022/12/8, , 9, 20, 4, 1
2022/12/9, , 8, 19, 2, 1
2022/12/10, , 9, 14, 3, 1
2022/12/11, , 5, 19, , 1
2022/12/12, , 5, 20, 2, 1
2022/12/13, , 8, 18, 6, 1
2022/12/14, , 10, 23, 5, 1
2022/12/15, , 8, 13, 11, 2
2022/12/16, , 11, 15, 10, 2
2022/12/17, , 13, 19, 5, 2
2022/12/18, , 10, 18, 5, 2
2022/12/19, , 10, 12, 5, 1
2022/12/20, , 9, 23, 2, 1
2022/12/21, , 6, 24, 3, 1
2022/12/22, , 11, 25, 1, 1
2022/12/23, , 7, 21, 3, 1
2022/12/24, , 6, 19, 2, 1
2022/12/25, , 9, 30, 1, 1
2022/12/26, , 8, 30, , 1
2022/12/27, , 9, 25, 1, 1
2022/12/28, , 7, 28, , 1
2022/12/29, , 8, 27, 1, 1
2022/12/30, , 14, 27, 1, 1
2022/12/31, , 10, 30, 1, 1
2023/1/1, , 24, 30, 2, 1
2022/7/1, , 7, 35, , 1
2022/7/2, , 6, 38, 1, 1
2022/7/3, , 9, 27, , 1
2022/7/4, , 5, 25, , 1
2022/7/5, , 6, 29, , 
2022/7/6, , 8, 22, , 1
2022/7/7, , 7, 28, , 
2022/7/8, , 9, 24, , 
2022/7/9, , 5, 23, , 
2022/7/10, , 6, 24, , 
2022/7/11, , 6, 24, , 1
2022/7/12, , 7, 41, , 
2022/7/13, , 6, 25, , 
2022/7/14, , 5, 26, , 
2022/7/15, , 6, 28, , 
2022/7/16, , 5, 29, , 
2022/7/17, , 7, 43, 1, 1
2022/7/18, , 7, 52, 1, 1
2022/7/19, , 10, 53, 4, 1
2022/7/20, , 11, 56, 3, 1
2022/7/21, , 14, 26, , 1
2022/7/22, , 7, 21, , 1
2022/7/23, , 4, 36, , 
2022/7/24, , 8, 53, 2, 1
2022/7/25, , 10, 26, , 
2022/7/26, , 5, 27, , 
2022/7/27, , 5, 29, , 
2022/7/28, , 7, 35, 1, 1
2022/7/29, , 7, 32, 1, 1
2022/7/30, , 7, 33, 1, 1
2022/7/31, , 7, 29, , 
2022/8/1, , 7, 31, , 
2022/8/2, , 9, 37, 1, 1
2022/8/3, , 15, 50, 3, 1
2022/8/4, , 16, 27, , 1
2022/8/5, , 7, 27, , 1
2022/8/6, , 7, 26, , 1
2022/8/7, , 8, 24, 1, 1
2022/8/8, , 9, 27, 1, 1
2022/8/9, , 7, 33, 2, 1
2022/8/10, , 11, 39, 2, 1
2022/8/11, , 12, 40, 3, 1
2022/8/12, , 13, 48, 3, 1
2022/8/13, , 13, 41, 2, 1
2022/8/14, , 14, 40, 1, 1
2022/8/15, , 17, 50, 2, 1
2022/8/16, , 13, 53, 1, 1
2022/8/17, , 13, 53, 2, 2
2022/8/18, , 17, 36, 1, 1
2022/8/19, , 13, 29, 1, 1
2022/8/20, , 8, 36, 1, 1
2022/8/21, , 9, 32, 1, 1
2022/8/22, , 10, 34, 3, 1
2022/8/23, , 11, 36, 2, 1
2022/8/24, , 5, 32, 2, 1
2022/8/26, , 13, 39, , 1
2022/8/27, , 7, 32, , 1
2022/8/28, , 7, 21, , 1
2022/8/29, , 3, 24, , 1
2022/8/30, , 5, 25, 1, 1
2022/8/31, , 6, 29, 1, 1
2022/9/1, , 7, 29, 1, 1
2022/9/2, , 7, 29, , 1
2022/9/3, , 5, 32, , 1
2022/9/4, , 6, 29, 1, 
2022/9/5, , 6, 28, 1, 1
2022/9/6, , 5, 36, 2, 1
2022/9/7, , 12, 33, 1, 1
2022/9/8, , 14, 31, 1, 1
2022/9/9, , 10, 29, 1, 1
2022/9/10, , 6, 25, 1, 1
2022/9/11, , 4, 30, 2, 1
2022/9/12, , 8, 31, 1, 1
2022/9/13, , 8, 35, , 1
2022/9/14, , 6, 30, , 1
2022/9/15, , 9, 25, , 1
2022/9/16, , 8, 26, , 
2022/9/17, , 7, 26, , 1
2022/9/18, , 7, 24, , 
2022/9/19, , 5, 23, , 1
2022/9/20, , 6, 26, 3, 
2022/9/21, , 7, 29, 3, 1
2022/9/22, , 9, 28, 3, 1
2022/9/23, , 8, 30, 3, 1
2022/9/24, , 13, 29, 2, 1
2022/9/25, , 11, 23, 1, 1
2022/9/26, , 6, 20, 2, 1
2022/9/27, , 6, 22, 1, 1
2022/9/28, , 5, 22, 1, 
2022/9/29, , 6, 20, 2, 1
2022/9/30, , 7, 21, 2, 1
2022/4/1, , 9, 36, , 1
2022/4/2, , 6, 35, , 1
2022/4/3, , 9, 35, , 1
2022/4/4, , 8, 34, , 1
2022/4/5, , 9, 30, 2, 1
2022/4/6, , 10, 33, 1, 1
2022/4/7, , 5, 36, , 1
2022/4/8, , 10, 38, , 1
2022/4/9, , 16, 36, , 1
2022/4/10, , 15, 36, , 1
2022/4/11, , 12, 37, 3, 1
2022/4/12, , 12, 33, 5, 1
2022/4/13, , 19, 31, 1, 1
2022/4/14, , 8, 31, 1, 1
2022/4/15, , 6, 34, 1, 1
2022/4/16, , 7, 39, 2, 1
2022/4/17, , 8, 35, 3, 1
2022/4/18, , 9, 36, 4, 1
2022/4/19, , 10, 37, 2, 1
2022/4/20, , 9, 36, 2, 1
2022/4/21, , 12, 35, 1, 7
2022/4/22, , 9, 35, 1, 1
2022/4/23, , 8, 33, 1, 1
2022/4/24, , 9, 35, 1, 1
2022/4/25, , 8, 39, 1, 1
2022/4/26, , 8, 33, 3, 1
2022/4/29, , 8, 38, 1, 1
2022/4/30, , 9, 36, 1, 1
2022/5/1, , 8, 39, 1, 1
2022/5/2, , 8, 34, , 1
2022/5/3, , 11, 35, 3, 1
2022/5/4, , 13, 35, , 1
2022/5/5, , 9, 32, , 1
2022/5/6, , 9, 38, , 1
2022/5/7, , 10, 33, 1, 1
2022/5/8, , 11, 33, 1, 1
2022/5/9, , 8, 41, 2, 1
2022/5/10, , 14, 29, 1, 1
2022/5/11, , 8, 32, , 1
2022/5/12, , 9, 34, , 1
2022/5/13, , 10, 35, , 1
2022/5/14, , 12, 37, , 1
2022/5/15, , 10, 30, 3, 1
2022/5/16, , 9, 32, 4, 1
2022/5/17, , 12, 32, 2, 1
2022/5/18, , 10, 41, 2, 1
2022/5/19, , 15, 35, 1, 1
2022/5/20, , 6, 40, , 1
2022/5/21, , 5, 31, , 1
2022/5/22, , 6, 35, 2, 
2022/5/23, , 7, 35, 1, 1
2022/5/24, , 10, 32, , 
2022/5/25, , 7, 32, , 1
2022/5/26, , 9, 34, , 1
2022/5/27, , 7, 32, , 1
2022/5/28, , 9, 31, 1, 1
2022/5/29, , 10, 27, 1, 1
2022/5/30, , 8, 31, 1, 1
2022/5/31, , 4, 35, 1, 1
2022/6/1, , 6, 29, , 
2022/6/2, , 7, 31, , 1
2022/6/3, , 9, 31, , 1
2022/6/4, , 7, 33, 2, 1
2022/6/5, , 7, 29, 2, 1
2022/6/6, , 9, 33, , 
2022/6/7, , 5, 36, , 
2022/6/8, , 6, 35, 2, 1
2022/6/9, , 8, 33, , 1
2022/6/10, , 7, 34, , 1
2022/6/11, , 8, 31, , 1
2022/6/12, , 8, 32, , 
2022/6/13, , 7, 29, , 
2022/6/14, , 7, 28, , 1
2022/6/15, , 7, 36, , 
2022/6/16, , 7, 40, , 1
2022/6/17, , 8, 37, 1, 1
2022/6/18, , 7, 30, , 1
2022/6/19, , 6, 29, , 
2022/6/20, , 7, 28, , 
2022/6/21, , 7, 25, , 1
2022/6/22, , 6, 28, 1, 1
2022/6/23, , 8, 48, 2, 1
2022/6/24, , 9, 42, 2, 1
2022/6/25, , 12, 44, 1, 1
2022/6/26, , 12, 47, 1, 1
2022/6/27, , 13, 34, , 1
2022/6/28, , 6, 39, 2, 1
2022/6/29, , 6, 35, 1, 1
2022/6/30, , 6, 34, 1, 1
2022/1/3, , 12, 28, 1, 1
2022/1/4, , 5, 26, , 1
2022/1/5, , 7, 27, 2, 1
2022/1/6, , 9, 18, 4, 1
2022/1/7, , 10, 28, 1, 1
2022/1/8, , 7, 22, 2, 1
2022/1/9, , 11, 24, 4, 2
2022/1/10, , 18, 18, 4, 2
2022/1/11, , 15, 26, 2, 1
2022/1/12, , 8, 30, , 1
2022/1/13, , 9, 32, , 1
2022/1/14, , 16, 22, 2, 1
2022/1/15, , 16, 34, 2, 1
2022/1/16, , 10, 35, , 1
2022/1/17, , 14, 26, 1, 1
2022/1/18, , 10, 34, 2, 1
2022/1/19, , 7, 32, , 1
2022/1/20, , 12, 29, 1, 1
2022/1/21, , 10, 26, 3, 1
2022/1/22, , 7, 26, , 1
2022/1/23, , 6, 29, , 1
2022/1/24, , 7, 29, 1, 1
2022/1/25, , 9, 28, 1, 1
2022/1/26, , 11, 33, , 1
2022/1/27, , 11, 31, , 1
2022/1/28, , 12, 35, , 1
2022/1/29, , 13, 33, , 1
2022/1/30, , 21, 26, 7, 1
2022/1/31, , 15, 31, 1, 1
2022/2/1, , 10, 31, , 1
2022/2/2, , 11, 25, 3, 1
2022/2/3, , 9, 35, 1, 1
2022/2/4, , 6, 32, , 1
2022/2/5, , 10, 33, , 1
2022/2/6, , 4, 32, , 1
2022/2/7, , 17, 31, , 1
2022/2/8, , 12, 14, 1, 1
2022/2/9, , 9, 30, 1, 1
2022/2/10, , 11, 33, 1, 1
2022/2/11, , 11, 29, 2, 1
2022/2/12, , 11, 25, 2, 1
2022/2/13, , 8, 27, 2, 1
2022/2/14, , 12, 32, 1, 1
2022/2/15, , 9, 28, 2, 1
2022/2/16, , 9, 34, , 1
2022/2/17, , 10, 36, , 1
2022/2/18, , 12, 32, , 1
2022/2/19, , 10, 30, , 1
2022/2/20, , 7, 35, , 1
2022/2/21, , 11, 35, 1, 1
2022/2/22, , 12, 34, , 1
2022/2/23, , 17, 31, 2, 1
2022/2/24, , 9, 34, , 1
2022/2/25, , 11, 29, 1, 1
2022/2/26, , 8, 29, 2, 1
2022/2/27, , 7, 27, 4, 1
2022/2/28, , 8, 23, 4, 1
2022/3/1, , 14, 29, 2, 1
2022/3/2, , 10, 24, 2, 1
2022/3/3, , 5, 28, 5, 1
2022/3/4, , 8, 30, 4, 1
2022/3/5, , 7, 28, 1, 1
2022/3/6, , 9, 30, 3, 1
2022/3/7, , 7, 31, 3, 1
2022/3/8, , 9, 27, 3, 1
2022/3/9, , 7, 30, 2, 1
2022/3/10, , 9, 34, 1, 1
2022/3/11, , 13, 33, 2, 2
2022/3/12, , 15, 37, 2, 1
2022/3/13, , 17, 36, 4, 2
2022/3/14, , 26, 24, 5, 2
2022/3/15, , 16, 28, 3, 1
2022/3/16, , 4, 29, 3, 1
2022/3/17, , 18, 32, 1, 1
2022/3/18, , 14, 29, 2, 1
2022/3/19, , 9, 41, 2, 1
2022/3/20, , 13, 41, 3, 2
2022/3/21, , 22, 32, 9, 2
2022/3/22, , 27, 40, 6, 2
2022/3/23, , 25, 43, 6, 1
2022/3/24, , 27, 40, 2, 1
2022/3/25, , 18, 32, , 1
2022/3/26, , 8, 31, 2, 1
2022/3/27, , 10, 40, , 1
2022/3/28, , 13, 34, 1, 1
2022/3/29, , 10, 29, 2, 1
2022/3/30, , 7, 32, 3, 1
2022/3/31, , 7, 36, 2, 1
2021/10/1, , 8, 23, 3, 1
2021/10/2, , 9, 31, 3, 1
2021/10/3, , 12, 24, 2, 1
2021/10/4, , 8, 25, 3, 1
2021/10/5, , 6, 23, 3, 1
2021/10/6, , 9, 20, 6, 1
2021/10/7, , 9, 24, 3, 1
2021/10/8, , 8, 29, 3, 1
2021/10/9, , 20, 29, 2, 2
2021/10/10, , 14, 30, , 1
2021/10/11, , 9, 30, , 1
2021/10/12, , 6, 30, 1, 1
2021/10/13, , 7, 28, , 1
2021/10/14, , 8, 30, , 1
2021/10/15, , 13, 29, , 1
2021/10/16, , 10, 28, , 1
2021/10/17, , 8, 22, 5, 1
2021/10/18, , 7, 16, 5, 1
2021/10/19, , 12, 32, 1, 1
2021/10/20, , 9, 31, 1, 1
2021/10/21, , 10, 32, , 1
2021/10/22, , 11, 28, , 1
2021/10/23, , 15, 27, 2, 1
2021/10/24, , 10, 16, 4, 1
2021/10/25, , 11, 25, 2, 1
2021/10/26, , 9, 26, 1, 1
2021/10/27, , 13, 25, 3, 1
2021/10/28, , 10, 15, 6, 1
2021/10/29, , 13, 22, 5, 2
2021/10/30, , 19, 22, 2, 1
2021/10/31, , 14, 22, 3, 1
2021/11/1, , 14, 12, 8, 1
2021/11/2, , 12, 22, 7, 1
2021/11/3, , 11, 24, 3, 1
2021/11/4, , 8, 28, , 1
2021/11/5, , 9, 26, , 1
2021/11/6, , 11, 27, , 1
2021/11/7, , 7, 21, 2, 1
2021/11/8, , 6, 20, 3, 1
2021/11/9, , 11, 16, 3, 1
2021/11/10, , 10, 24, 1, 1
2021/11/11, , 7, 19, 3, 1
2021/11/12, , 8, 18, 3, 1
2021/11/13, , 19, 22, 1, 1
2021/11/14, , 9, 20, 4, 1
2021/11/15, , 14, 20, 2, 1
2021/11/16, , 14, 26, 2, 2
2021/11/17, , 8, 27, , 
2021/11/18, , 9, 28, , 
2021/11/19, , 12, 31, , 
2021/11/20, , 10, 29, , 
2021/11/21, , 6, 28, 4, 
2021/11/22, , 7, 30, 1, 
2021/11/23, , 10, 30, , 
2021/11/24, , 5, 26, 1, 
2021/11/25, , 5, 22, 3, 
2021/11/26, , 7, 19, 1, 
2021/11/27, , 5, 20, 1, 1
2021/11/28, , 4, 19, 1, 1
2021/11/29, , 4, 26, 1, 1
2021/11/30, , 6, 23, 2, 1
2021/12/1, , 4, 28, , 1
2021/12/2, , 8, 25, 2, 1
2021/12/3, , 7, 24, 1, 1
2021/12/4, , 7, 23, , 1
2021/12/5, , 4, 26, 3, 1
2021/12/6, , 6, 25, 2, 1
2021/12/7, , 9, 19, 2, 1
2021/12/8, , 16, 15, 5, 2
2021/12/9, , 17, 8, 7, 2
2021/12/10, , 14, 6, 5, 2
2021/12/11, , 8, 12, 4, 2
2021/12/12, , 7, 15, 4, 1
2021/12/13, , 7, 25, 3, 1
2021/12/14, , 5, 25, 1, 1
2021/12/15, , 11, 25, 1, 1
2021/12/16, , 15, 21, 1, 1
2021/12/17, , 9, 29, , 1
2021/12/18, , 5, 29, , 1
2021/12/19, , 8, 24, 2, 1
2021/12/20, , 8, 13, 9, 1
2021/12/21, , 9, 17, 6, 1
2021/12/22, , 10, 14, 7, 1
2021/12/23, , 7, 30, 1, 1
2021/12/24, , 6, 27, 1, 1
2021/12/25, , 8, 21, 3, 1
2021/12/26, , 8, 25, 2, 1
2021/12/27, , 9, 16, 4, 3
2021/12/28, , 27, 8, 6, 3
2021/12/29, , 33, 19, 3, 1
2021/12/30, , 10, 24, , 1
2021/12/31, , 3, 23, 1, 1
2022/1/1, , 9, 28, 2, 1
2022/1/2, , 8, 29, , 1
2021/7/1, , 9, 23, 1, 1
2021/7/2, , 9, 28, 1, 1
2021/7/3, , 11, 33, , 1
2021/7/4, , 8, 32, 1, 1
2021/7/5, , 13, 32, 1, 1
2021/7/6, , 12, 32, 1, 1
2021/7/7, , 11, 34, 2, 1
2021/7/8, , 11, 33, 1, 1
2021/7/9, , 10, 27, , 1
2021/7/10, , 10, 29, , 1
2021/7/11, , 8, 38, 1, 1
2021/7/12, , 13, 44, 1, 1
2021/7/13, , 15, 48, 2, 1
2021/7/14, , 21, 48, 1, 1
2021/7/15, , 18, 40, , 1
2021/7/16, , 16, 27, , 1
2021/7/17, , 11, 26, , 1
2021/7/18, , 11, 27, , 1
2021/7/19, , 11, 26, , 1
2021/7/20, , 9, 26, , 1
2021/7/21, , 10, 32, , 1
2021/7/22, , 13, 33, , 1
2021/7/23, , 14, 42, 1, 1
2021/7/24, , 16, 41, 1, 1
2021/7/25, , 16, 57, 2, 1
2021/7/26, , 22, 39, 3, 1
2021/7/27, , 20, 40, 1, 1
2021/7/28, , 11, 27, , 1
2021/7/29, , 8, 36, , 1
2021/7/30, , 11, 28, 1, 1
2021/7/31, , 12, 29, , 1
2021/8/1, , 8, 26, , 1
2021/8/2, , 10, 31, , 1
2021/8/3, , 8, 33, , 1
2021/8/4, , 7, 38, 2, 1
2021/8/5, , 10, 36, , 1
2021/8/6, , 12, 29, 1, 1
2021/8/7, , 11, 29, , 1
2021/8/8, , 10, 30, 1, 1
2021/8/9, , 10, 29, 1, 1
2021/8/10, , 7, 32, , 1
2021/8/11, , 7, 43, 2, 1
2021/8/12, , 10, 38, 1, 1
2021/8/13, , 12, 27, , 1
2021/8/14, , 12, 30, , 1
2021/8/15, , 11, 29, , 1
2021/8/16, , 5, 31, , 1
2021/8/17, , 8, 31, , 1
2021/8/18, , 8, 32, , 1
2021/8/19, , 8, 30, , 1
2021/8/20, , 9, 32, , 1
2021/8/21, , 7, 32, 2, 1
2021/8/22, , 9, 29, 2, 1
2021/8/23, , 9, 32, 2, 1
2021/8/24, , 11, 26, , 1
2021/8/25, , 7, 20, , 1
2021/8/26, , 5, 22, , 1
2021/8/27, , 6, 13, , 1
2021/8/28, , 4, 24, , 2
2021/8/29, , 11, 28, , 1
2021/8/30, , 10, 27, 1, 1
2021/8/31, , 10, 29, 1, 1
2021/9/1, , 9, 34, 2, 1
2021/9/2, , 11, 31, , 1
2021/9/3, , 13, 32, 1, 1
2021/9/4, , 7, 30, 2, 1
2021/9/5, , 5, 30, 3, 2
2021/9/6, , 10, 35, 1, 1
2021/9/7, , 7, 41, 2, 2
2021/9/8, , 15, 46, 4, 2
2021/9/9, , 25, 43, 4, 2
2021/9/10, , 21, 33, 1, 2
2021/9/11, , 9, 32, , 1
2021/9/12, , 6, 31, , 1
2021/9/13, , 10, 30, 2, 1
2021/9/14, , 10, 29, 3, 1
2021/9/15, , 8, 27, 1, 1
2021/9/16, , 6, 18, , 1
2021/9/17, , 4, 23, , 1
2021/9/18, , 7, 25, , 1
2021/9/19, , 6, 28, , 1
2021/9/20, , 9, 25, 1, 1
2021/9/21, , 10, 29, , 1
2021/9/22, , 14, 33, , 1
2021/9/23, , 10, 30, , 1
2021/9/24, , 13, 29, , 1
2021/9/25, , 11, 26, 3, 1
2021/9/26, , 10, 25, 2, 1
2021/9/27, , 13, 32, 1, 1
2021/9/28, , 9, 25, 5, 1
2021/9/29, , 9, 26, 1, 1
2021/9/30, , 6, 25, 3, 1
2021/4/1, , 7, 33, 1, 1
2021/4/2, , 8, 38, , 1
2021/4/3, , 5, 36, , 1
2021/4/4, , 11, 35, , 1
2021/4/5, , 12, 32, , 1
2021/4/6, , 15, 32, , 1
2021/4/7, , 9, 35, , 1
2021/4/8, , 9, 35, 1, 1
2021/4/9, , 11, 33, , 1
2021/4/10, , 10, 30, 3, 1
2021/4/11, , 11, 37, , 1
2021/4/12, , 6, 34, , 1
2021/4/13, , 8, 38, 1, 1
2021/4/14, , 7, 35, 1, 1
2021/4/15, , 7, 34, 1, 1
2021/4/16, , 8, 33, 1, 1
2021/4/17, , 11, 32, 3, 1
2021/4/18, , 14, 40, 4, 1
2021/4/19, , 15, 37, 3, 1
2021/4/20, , 14, 38, 1, 1
2021/4/21, , 22, 36, , 1
2021/4/22, , 12, 36, , 1
2021/4/23, , 11, 33, , 1
2021/4/24, , 8, 34, , 1
2021/4/25, , 7, 36, , 1
2021/4/26, , 5, 35, 2, 1
2021/4/27, , 6, 38, 4, 1
2021/4/28, , 11, 42, 2, 1
2021/4/29, , 15, 38, 1, 1
2021/4/30, , 9, 37, 1, 1
2021/5/1, , 7, 37, 2, 1
2021/5/2, , 9, 35, 1, 1
2021/5/3, , 7, 36, 2, 1
2021/5/4, , 6, 34, , 1
2021/5/5, , 5, 27, , 1
2021/5/6, , 5, 33, , 1
2021/5/7, , 6, 36, , 1
2021/5/8, , 10, 36, 2, 1
2021/5/9, , 10, 33, 3, 1
2021/5/10, , 16, 34, , 1
2021/5/11, , 8, 22, 1, 1
2021/5/12, , 8, 28, 1, 1
2021/5/13, , 9, 36, 2, 1
2021/5/14, , 11, 30, , 1
2021/5/15, , 7, 34, 2, 1
2021/5/16, , 7, 36, 2, 1
2021/5/17, , 8, 37, 1, 1
2021/5/18, , 8, 38, 1, 1
2021/5/19, , 7, 37, , 1
2021/5/20, , 9, 32, 2, 1
2021/5/21, , 7, 31, 1, 1
2021/5/22, , 8, 33, , 1
2021/5/23, , 9, 38, 1, 1
2021/5/24, , 10, 29, 2, 1
2021/5/25, , 8, 33, 1, 1
2021/5/26, , 6, 29, 1, 1
2021/5/27, , 7, 32, , 1
2021/5/28, , 10, 32, , 1
2021/5/29, , 12, 33, 2, 1
2021/5/30, , 12, 34, 1, 1
2021/5/31, , 13, 32, 1, 1
2021/6/1, , 11, 38, 1, 1
2021/6/2, , 13, 44, 1, 1
2021/6/3, , 18, 38, 3, 1
2021/6/4, , 17, 40, 1, 1
2021/6/5, , 14, 42, 2, 1
2021/6/6, , 16, 40, 1, 1
2021/6/7, , 11, 34, , 1
2021/6/8, , 9, 43, , 1
2021/6/9, , 10, 47, 1, 1
2021/6/10, , 12, 34, 1, 1
2021/6/11, , 11, 31, , 1
2021/6/12, , 13, 28, , 1
2021/6/13, , 14, 44, , 1
2021/6/14, , 12, 29, , 1
2021/6/15, , 9, 35, 1, 1
2021/6/16, , 13, 52, 2, 1
2021/6/17, , 20, 58, 3, 1
2021/6/18, , 24, 53, 1, 1
2021/6/19, , 17, 43, 1, 1
2021/6/20, , 12, 35, , 1
2021/6/21, , 6, 29, , 1
2021/6/22, , 14, 23, , 1
2021/6/23, , 10, 33, , 1
2021/6/24, , 13, 33, , 1
2021/6/25, , 10, 34, , 1
2021/6/26, , 12, 32, , 
2021/6/27, , 6, 32, , 
2021/6/28, , 8, 41, 3, 1
2021/6/29, , 12, 30, 1, 1
2021/6/30, , 11, 23, , 1
2021/1/4, , 3, 16, 1, 2
2021/1/5, , 4, 15, 1, 1
2021/1/6, , 3, 12, 2, 2
2021/1/7, , 3, 9, 2, 2
2021/1/8, , 5, 16, 1, 1
2021/1/9, , 5, 17, 2, 1
2021/1/10, , 7, 25, 2, 1
2021/1/11, , 5, 29, 1, 1
2021/1/12, , 6, 28, , 1
2021/1/13, , 7, 21, 2, 2
2021/1/14, , 7, 27, 1, 1
2021/1/15, , 6, 25, 1, 1
2021/1/16, , 6, 14, 6, 2
2021/1/17, , 10, 16, 5, 2
2021/1/18, , 8, 23, 4, 1
2021/1/19, , 4, 20, 3, 1
2021/1/20, , 5, 29, 3, 1
2021/1/21, , 7, 27, 1, 1
2021/1/22, , 9, 23, 5, 1
2021/1/23, , 15, 10, 7, 2
2021/1/24, , 13, 19, 2, 1
2021/1/25, , 6, 26, 1, 1
2021/1/26, , 5, 20, 4, 1
2021/1/27, , 7, 28, , 1
2021/1/28, , 4, 24, 2, 1
2021/1/29, , 5, 23, 1, 1
2021/1/30, , 6, 28, 1, 1
2021/1/31, , 7, 23, 4, 1
2021/2/1, , 8, 24, 4, 2
2021/2/2, , 15, 23, 2, 2
2021/2/3, , 9, 20, 4, 1
2021/2/4, , 9, 23, 3, 1
2021/2/5, , 8, 29, , 1
2021/2/6, , 7, 32, , 1
2021/2/7, , 5, 32, , 1
2021/2/8, , 6, 32, , 1
2021/2/9, , 6, 30, 1, 1
2021/2/10, , 7, 30, 1, 1
2021/2/11, , 7, 31, 1, 1
2021/2/12, , 7, 29, 3, 2
2021/2/13, , 11, 27, 4, 2
2021/2/14, , 11, 31, 4, 1
2021/2/15, , 8, 22, 5, 1
2021/2/16, , 8, 13, 8, 3
2021/2/17, , 11, 17, 5, 3
2021/2/18, , 20, 26, 3, 1
2021/2/19, , 14, 17, 6, 2
2021/2/20, , 11, 14, 7, 2
2021/2/21, , 19, 14, 12, 2
2021/2/22, , 20, 15, 7, 2
2021/2/23, , 28, 25, 3, 1
2021/2/24, , 19, 28, 3, 1
2021/2/25, , 22, 32, , 1
2021/2/26, , 13, 26, 1, 1
2021/2/27, , 10, 30, , 1
2021/2/28, , 12, 25, 2, 1
2021/3/1, , 8, 26, 1, 1
2021/3/2, , 4, 15, 5, 1
2021/3/3, , 6, 31, , 1
2021/3/4, , 7, 33, 2, 1
2021/3/5, , 8, 33, , 1
2021/3/6, , 8, 35, , 1
2021/3/7, , 10, 32, 2, 1
2021/3/8, , 8, 30, 8, 1
2021/3/9, , 11, 31, 8, 1
2021/3/10, , 12, 31, 2, 1
2021/3/11, , 8, 30, 1, 1
2021/3/12, , 13, 30, 1, 1
2021/3/13, , 6, 31, , 1
2021/3/14, , 9, 30, 1, 1
2021/3/15, , 8, 29, 1, 1
2021/3/16, , 6, 28, 4, 1
2021/3/17, , 7, 32, 1, 1
2021/3/18, , 6, 28, 1, 1
2021/3/19, , 6, 34, 1, 1
2021/3/20, , 6, 36, , 1
2021/3/21, , 8, 32, 1, 1
2021/3/22, , 10, 30, 1, 1
2021/3/23, , 9, 31, 1, 1
2021/3/24, , 13, 37, 1, 1
2021/3/25, , 12, 35, 3, 1
2021/3/26, , 12, 35, 2, 1
2021/3/27, , 10, 30, 1, 1
2021/3/28, , 12, 30, 1, 1
2021/3/29, , 11, 29, 1, 1
2021/3/30, , 9, 44, 2, 1
2021/3/31, , 13, 28, 1, 1
2020/10/1, , 28, 25, 2, 1
2020/10/2, , 47, 25, 1, 1
2020/10/3, , 23, 19, 2, 1
2020/10/4, , 11, 27, 3, 1
2020/10/5, , 10, 17, 3, 1
2020/10/6, , 7, 24, 1, 1
2020/10/7, , 8, 20, 3, 1
2020/10/8, , 9, 27, 1, 1
2020/10/9, , 9, 29, 1, 1
2020/10/10, , 5, 26, 2, 1
2020/10/11, , 7, 22, 5, 1
2020/10/12, , 9, 20, 6, 1
2020/10/13, , 10, 25, , 
2020/10/14, , 4, 25, 1, 
2020/10/15, , 5, 20, 3, 1
2020/10/16, , 6, 28, 1, 
2020/10/17, , 4, 27, , 1
2020/10/18, , 7, 28, 1, 1
2020/10/19, , 9, 21, 5, 1
2020/10/20, , 11, 21, 6, 1
2020/10/21, , 16, 27, 1, 1
2020/10/22, , 11, 22, 2, 1
2020/10/23, , 10, 25, 2, 1
2020/10/24, , 11, 24, 1, 1
2020/10/25, , 6, 16, 4, 1
2020/10/26, , 8, 17, 3, 1
2020/10/27, , 10, 22, 2, 1
2020/10/28, , 10, 24, 2, 1
2020/10/29, , 8, 19, 3, 1
2020/10/30, , 7, 17, 2, 1
2020/10/31, , 7, 23, 2, 1
2020/11/1, , 10, 29, 1, 1
2020/11/2, , 7, 29, 1, 1
2020/11/3, , 14, 29, 1, 1
2020/11/4, , 10, 26, , 1
2020/11/5, , 10, 27, 1, 1
2020/11/6, , 10, 20, 2, 1
2020/11/7, , 7, 18, 3, 1
2020/11/8, , 10, 22, 2, 1
2020/11/9, , 9, 19, 1, 1
2020/11/10, , 15, 12, 2, 2
2020/11/11, , 13, 14, 2, 2
2020/11/12, , 17, 19, 3, 1
2020/11/13, , 10, 17, 4, 1
2020/11/14, , 13, 13, 4, 1
2020/11/15, , 12, 26, 1, 1
2020/11/16, , 10, 26, 1, 1
2020/11/17, , 9, 23, 2, 1
2020/11/18, , 9, 32, , 
2020/11/19, , 12, 29, 1, 
2020/11/20, , 13, 29, 2, 1
2020/11/21, , 7, 26, , 1
2020/11/22, , 13, 24, , 1
2020/11/23, , 11, 19, 3, 1
2020/11/24, , 12, 11, 5, 1
2020/11/25, , 9, 24, 4, 1
2020/11/26, , 11, 20, 4, 1
2020/11/27, , 6, 16, 3, 1
2020/11/28, , 5, 20, , 1
2020/11/29, , 3, 17, 3, 1
2020/11/30, , 6, 6, 8, 1
2020/12/1, , 13, 11, 6, 2
2020/12/2, , 15, 11, 5, 2
2020/12/3, , 20, 14, 4, 2
2020/12/4, , 16, 12, 4, 2
2020/12/5, , 18, 15, 3, 2
2020/12/6, , 15, 16, 3, 2
2020/12/7, , 16, 11, 5, 2
2020/12/8, , 17, 10, 4, 2
2020/12/9, , 19, 15, 3, 2
2020/12/10, , 16, 12, 3, 2
2020/12/11, , 14, 18, 3, 2
2020/12/12, , 14, 14, 3, 2
2020/12/13, , 11, 10, 4, 2
2020/12/14, , 9, 8, 6, 1
2020/12/15, , 8, 21, 6, 1
2020/12/16, , 9, 21, 5, 1
2020/12/17, , 9, 18, 3, 1
2020/12/18, , 10, 10, 5, 1
2020/12/19, , 8, 7, 6, 2
2020/12/20, , 11, 17, 5, 1
2020/12/21, , 11, 27, 3, 1
2020/12/22, , 7, 23, 6, 1
2020/12/23, , 10, 22, 3, 1
2020/12/24, , 7, 27, , 1
2020/12/25, , 6, 22, 2, 1
2020/12/26, , 6, 24, 2, 1
2020/12/27, , 5, 21, 2, 1
2020/12/28, , 9, 10, 4, 2
2020/12/29, , 12, 20, 3, 1
2020/12/30, , 6, 21, 2, 1
2020/12/31, , 10, 18, 2, 1
2021/1/1, , 12, 14, 2, 1
2021/1/2, , 8, 19, 1, 1
2021/1/3, , 5, 16, 1, 1
2020/7/1, , 10, 30, , 1
2020/7/2, , 8, 27, , 
2020/7/3, , 7, 22, 1, 1
2020/7/4, , 7, 24, , 1
2020/7/5, , 8, 26, , 1
2020/7/6, , 11, 23, , 
2020/7/7, , 10, 24, , 1
2020/7/8, , 7, 27, , 1
2020/7/9, , 8, 24, 2, 1
2020/7/10, , 9, 25, , 
2020/7/11, , 9, 23, , 
2020/7/12, , 9, 29, , 
2020/7/13, , 9, 39, 1, 
2020/7/14, , 11, 25, , 
2020/7/15, , 8, 26, , 
2020/7/16, , 7, 31, , 1
2020/7/17, , 8, 36, 2, 1
2020/7/18, , 10, 38, 2, 1
2020/7/19, , 15, 26, , 1
2020/7/20, , 7, 27, , 1
2020/7/21, , 9, 28, , 1
2020/7/22, , 8, 30, , 1
2020/7/23, , 9, 29, , 1
2020/7/24, , 10, 32, , 1
2020/7/25, , 9, 26, 1, 1
2020/7/26, , 9, 28, 1, 1
2020/7/27, , 12, 28, , 1
2020/7/28, , 10, 23, , 1
2020/7/29, , 10, 26, , 1
2020/7/30, , 10, 28, , 1
2020/7/31, , 10, 28, 2, 1
2020/8/1, , 9, 25, , 1
2020/8/2, , 9, 27, , 1
2020/8/3, , 7, 29, , 1
2020/8/4, , 8, 48, 2, 1
2020/8/5, , 17, 56, 3, 1
2020/8/6, , 21, 47, 3, 1
2020/8/7, , 16, 49, 1, 1
2020/8/8, , 18, 45, 2, 1
2020/8/9, , 16, 49, 2, 1
2020/8/10, , 22, 27, 1, 1
2020/8/11, , 11, 29, 1, 1
2020/8/12, , 9, 36, 2, 1
2020/8/13, , 14, 44, 3, 1
2020/8/14, , 19, 63, 2, 1
2020/8/15, , 21, 62, 4, 1
2020/8/16, , 23, 48, 3, 1
2020/8/17, , 20, 47, 2, 1
2020/8/18, , 21, 39, 3, 1
2020/8/19, , 10, 35, 3, 1
2020/8/20, , 15, 29, 4, 1
2020/8/21, , 12, 33, 1, 1
2020/8/22, , 12, 29, , 1
2020/8/23, , 8, 29, , 1
2020/8/24, , 8, 31, , 1
2020/8/25, , 9, 25, 1, 1
2020/8/26, , 10, 25, 1, 1
2020/8/27, , 6, 25, 2, 1
2020/8/28, , 7, 28, 1, 1
2020/8/29, , 9, 28, 1, 1
2020/8/30, , 8, 27, , 1
2020/8/31, , 6, 23, 1, 1
2020/9/1, , 7, 25, 1, 1
2020/9/2, , 8, 35, 1, 1
2020/9/3, , 9, 28, , 1
2020/9/4, , 8, 27, , 1
2020/9/5, , 10, 25, , 1
2020/9/6, , 7, 28, , 1
2020/9/7, , 9, 23, 1, 1
2020/9/8, , 9, 20, , 1
2020/9/9, , 9, 27, , 1
2020/9/10, , 10, 33, 2, 1
2020/9/11, , 12, 30, 1, 1
2020/9/12, , 15, 25, , 1
2020/9/13, , 16, 29, 2, 1
2020/9/14, , 13, 44, 7, 1
2020/9/15, , 20, 28, 2, 1
2020/9/16, , 11, 27, , 1
2020/9/17, , 6, 30, 2, 1
2020/9/18, , 9, 25, 2, 1
2020/9/19, , 11, 25, 2, 1
2020/9/20, , 15, 31, 3, 1
2020/9/21, , 11, 34, 6, 1
2020/9/22, , 23, 52, 5, 1
2020/9/23, , 26, 42, 3, 2
2020/9/24, , 18, 27, 3, 1
2020/9/25, , 10, 24, 1, 1
2020/9/26, , 10, 31, , 2
2020/9/27, , 35, 19, 2, 1
2020/9/28, , 16, 29, 4, 1
2020/9/29, , 10, 32, 3, 1
2020/9/30, , 10, 23, 2, 1
2020/4/1, , 9, 37, , 1
2020/4/2, , 15, 34, , 1
2020/4/3, , 15, 34, 1, 1
2020/4/4, , 13, 37, 3, 1
2020/4/5, , 11, 38, 4, 1
2020/4/6, , 22, 30, 2, 1
2020/4/7, , 16, 30, 5, 1
2020/4/8, , 17, 33, , 1
2020/4/9, , 12, 36, , 1
2020/4/10, , 16, 34, 1, 1
2020/4/11, , 14, 38, 1, 1
2020/4/12, , 13, 35, , 1
2020/4/13, , 11, 38, , 1
2020/4/14, , 10, 37, , 1
2020/4/15, , 20, 38, , 1
2020/4/16, , 11, 35, 1, 1
2020/4/17, , 12, 36, 1, 1
2020/4/18, , 9, 36, 1, 1
2020/4/19, , 8, 34, 2, 1
2020/4/20, , 9, 37, 3, 1
2020/4/21, , 10, 38, 3, 1
2020/4/22, , 11, 43, 3, 1
2020/4/23, , 12, 39, 1, 1
2020/4/24, , 15, 38, , 1
2020/4/25, , 6, 37, , 1
2020/4/26, , 9, 41, 1, 1
2020/4/27, , 12, 38, , 1
2020/4/28, , 5, 32, 1, 1
2020/4/29, , 7, 29, 2, 1
2020/4/30, , 8, 35, 1, 1
2020/5/1, , 6, 35, 1, 1
2020/5/2, , 6, 36, , 1
2020/5/3, , 9, 37, , 1
2020/5/4, , 8, 34, , 1
2020/5/5, , 6, 38, , 1
2020/5/6, , 11, 39, , 1
2020/5/7, , 17, 46, 1, 1
2020/5/8, , 13, 39, 2, 1
2020/5/9, , 11, 35, 1, 1
2020/5/10, , 9, 28, , 1
2020/5/11, , 6, 36, , 1
2020/5/12, , 9, 32, , 1
2020/5/13, , 6, 37, , 1
2020/5/14, , 10, 35, , 1
2020/5/15, , 10, 35, , 1
2020/5/16, , 12, 34, , 1
2020/5/17, , 10, 28, , 1
2020/5/18, , 7, 32, , 1
2020/5/19, , 9, 35, 1, 
2020/5/20, , 11, 36, 3, 1
2020/5/21, , 13, 37, 1, 1
2020/5/22, , 12, 31, , 1
2020/5/23, , 14, 31, , 1
2020/5/24, , 14, 31, , 1
2020/5/25, , 15, 33, 2, 1
2020/5/26, , 8, 32, , 1
2020/5/27, , 10, 31, , 1
2020/5/28, , 11, 36, 1, 1
2020/5/29, , 12, 33, 1, 1
2020/5/30, , 10, 30, , 1
2020/5/31, , 9, 34, 1, 1
2020/6/1, , 9, 36, 1, 
2020/6/2, , 9, 37, 1, 1
2020/6/3, , 9, 34, 1, 1
2020/6/4, , 16, 35, , 1
2020/6/5, , 6, 32, , 1
2020/6/6, , 9, 34, 1, 1
2020/6/7, , 10, 34, , 1
2020/6/8, , 8, 32, , 1
2020/6/9, , 10, 35, 1, 1
2020/6/10, , 11, 30, 1, 1
2020/6/11, , 10, 27, 1, 1
2020/6/12, , 12, 29, , 1
2020/6/13, , 13, 31, , 1
2020/6/14, , 11, 38, , 1
2020/6/15, , 11, 45, 1, 1
2020/6/16, , 13, 42, 3, 1
2020/6/17, , 14, 39, 2, 1
2020/6/18, , 11, 35, 2, 1
2020/6/19, , 12, 31, , 1
2020/6/20, , 9, 32, , 1
2020/6/21, , 10, 31, , 1
2020/6/22, , 9, 32, , 1
2020/6/23, , 14, 38, 2, 2
2020/6/24, , 21, 42, 2, 1
2020/6/25, , 14, 46, 1, 1
2020/6/26, , 17, 47, 1, 1
2020/6/27, , 13, 32, 1, 1
2020/6/28, , 9, 38, , 1
2020/6/29, , 11, 26, , 1
2020/6/30, , 10, 31, , 1
2020/1/1, , 15, 20, 3, 1
2020/1/2, , 12, 31, 2, 1
2020/1/3, , 10, 34, , 1
2020/1/4, , 13, 24, 2, 1
2020/1/5, , 11, 27, 1, 1
2020/1/6, , 5, 25, 3, 1
2020/1/7, , 11, 27, 2, 1
2020/1/8, , 15, 22, 5, 
2020/1/9, , 10, 24, 2, 
2020/1/10, , 7, 24, 1, 
2020/1/11, , 7, 23, 2, 
2020/1/12, , 5, 25, 2, 
2020/1/13, , 10, 26, 3, 1
2020/1/14, , 7, 33, 1, 1
2020/1/15, , 8, 29, 2, 1
2020/1/16, , 15, 13, 7, 1
2020/1/17, , 12, 30, 1, 1
2020/1/18, , 9, 29, 1, 1
2020/1/19, , 16, 27, 1, 1
2020/1/20, , 14, 31, , 1
2020/1/21, , 19, 33, 1, 1
2020/1/22, , 7, 28, 1, 1
2020/1/23, , 5, 25, 1, 1
2020/1/24, , 4, 27, 1, 1
2020/1/25, , 5, 15, 5, 1
2020/1/26, , 9, 13, 6, 2
2020/1/27, , 13, 24, 4, 1
2020/1/28, , 7, 30, 1, 1
2020/1/29, , 10, 29, 1, 1
2020/1/30, , 8, 32, 1, 1
2020/1/31, , 13, 31, 1, 1
2020/2/1, , 9, 30, , 1
2020/2/2, , 12, 32, 3, 1
2020/2/3, , 11, 31, , 1
2020/2/4, , 11, 30, 1, 1
2020/2/5, , 10, 31, 1, 1
2020/2/6, , 9, 26, 4, 1
2020/2/7, , 6, 26, 3, 1
2020/2/8, , 8, 39, 3, 1
2020/2/9, , 9, 34, , 1
2020/2/10, , 11, 34, , 1
2020/2/11, , 9, 32, , 1
2020/2/12, , 11, 30, 2, 1
2020/2/13, , 11, 24, 5, 1
2020/2/14, , 11, 24, 3, 1
2020/2/15, , 9, 39, 1, 1
2020/2/16, , 6, 35, , 1
2020/2/17, , 18, 31, , 1
2020/2/18, , 14, 31, 1, 1
2020/2/19, , 7, 27, 3, 1
2020/2/20, , 10, 32, , 1
2020/2/21, , 14, 35, , 1
2020/2/22, , 8, 33, , 1
2020/2/23, , 14, 33, 1, 1
2020/2/24, , 11, 30, , 1
2020/2/25, , 7, 27, 1, 1
2020/2/26, , 5, 25, 5, 1
2020/2/27, , 8, 33, 1, 1
2020/2/28, , 11, 36, 3, 1
2020/2/29, , 9, 31, 1, 1
2020/3/1, , 9, 25, 5, 1
2020/3/2, , 11, 18, 4, 1
2020/3/3, , 9, 32, 1, 1
2020/3/4, , 9, 30, 1, 1
2020/3/5, , 8, 31, 2, 1
2020/3/6, , 12, 27, 1, 1
2020/3/7, , 11, 27, 2, 1
2020/3/8, , 11, 28, 3, 1
2020/3/9, , 8, 31, 2, 1
2020/3/10, , 6, 34, , 1
2020/3/11, , 14, 34, , 1
2020/3/12, , 13, 35, , 1
2020/3/13, , 11, 33, 1, 1
2020/3/14, , 9, 29, 1, 1
2020/3/15, , 10, 30, 1, 1
2020/3/16, , 10, 31, 1, 1
2020/3/17, , 11, 25, 1, 1
2020/3/18, , 8, 34, , 1
2020/3/19, , 12, 29, , 1
2020/3/20, , 10, 31, 1, 1
2020/3/21, , 6, 32, , 1
2020/3/22, , 6, 31, 3, 1
2020/3/23, , 10, 34, 3, 1
2020/3/24, , 12, 37, 3, 1
2020/3/25, , 18, 41, 4, 1
2020/3/26, , 19, 40, 4, 1
2020/3/27, , 23, 34, 2, 1
2020/3/28, , 16, 30, , 1
2020/3/29, , 6, , , 
2019/10/1, , 11, 27, , 1
2019/10/2, , 9, 18, , 1
2019/10/3, , 5, 19, 2, 1
2019/10/4, , 6, 23, 1, 1
2019/10/5, , 7, 24, 2, 1
2019/10/6, , 6, 26, 3, 
2019/10/7, , 7, 22, 2, 
2019/10/8, , 11, 22, 1, 1
2019/10/9, , 11, 25, , 1
2019/10/10, , 9, 30, 1, 1
2019/10/11, , 10, 25, , 1
2019/10/12, , 12, 21, 2, 1
2019/10/13, , 11, 28, 1, 1
2019/10/14, , 14, 22, 3, 1
2019/10/15, , 14, 18, 2, 1
2019/10/16, , 14, 13, 3, 1
2019/10/17, , 7, 28, 3, 1
2019/10/18, , 7, 22, 2, 1
2019/10/19, , 12, 15, 3, 1
2019/10/20, , 11, 11, 5, 1
2019/10/21, , 14, 26, 2, 1
2019/10/22, , 9, 26, 4, 1
2019/10/23, , 12, 16, 4, 1
2019/10/24, , 16, 23, 2, 1
2019/10/25, , 12, 25, 1, 1
2019/10/26, , 9, 30, , 1
2019/10/27, , 7, 29, 1, 1
2019/10/28, , 6, 27, 3, 1
2019/10/29, , 5, 25, 5, 1
2019/10/30, , 7, 26, 2, 1
2019/10/31, , 7, 24, 5, 1
2019/11/1, , 10, 13, 4, 1
2019/11/2, , 8, 12, 5, 1
2019/11/3, , 9, 23, 1, 1
2019/11/4, , 4, 18, 1, 1
2019/11/5, , 4, 25, 2, 1
2019/11/6, , 7, 15, 7, 1
2019/11/7, , 10, 16, 8, 1
2019/11/8, , 11, 14, 3, 1
2019/11/9, , 10, 12, 3, 1
2019/11/10, , 8, 18, 4, 1
2019/11/11, , 9, 17, 4, 1
2019/11/12, , 10, 16, 6, 2
2019/11/13, , 10, 13, 8, 1
2019/11/14, , 11, 25, 2, 
2019/11/15, , 8, 19, 3, 1
2019/11/16, , 12, 20, 5, 1
2019/11/17, , 9, 14, 3, 1
2019/11/18, , 19, 23, 4, 1
2019/11/19, , 7, 17, 8, 1
2019/11/20, , 16, 18, 4, 1
2019/11/21, , 9, 10, 4, 2
2019/11/22, , 10, 14, 3, 2
2019/11/23, , 18, 17, 2, 1
2019/11/24, , 15, 14, 2, 2
2019/11/25, , 20, 13, 6, 2
2019/11/26, , 21, 5, 7, 2
2019/11/27, , 10, 18, 5, 1
2019/11/28, , 5, 29, , 1
2019/11/29, , 6, 27, 1, 1
2019/11/30, , 8, 25, 1, 1
2019/12/1, , 7, 29, 1, 1
2019/12/2, , 6, 27, 3, 1
2019/12/3, , 7, 27, 2, 1
2019/12/4, , 12, 19, 5, 1
2019/12/5, , 10, 17, 4, 1
2019/12/6, , 5, 33, , 1
2019/12/7, , 8, 34, , 1
2019/12/8, , 8, 31, , 1
2019/12/9, , 11, 28, 5, 1
2019/12/10, , 12, 23, 4, 1
2019/12/11, , 11, 16, 5, 1
2019/12/12, , 7, 18, 4, 1
2019/12/13, , 11, 33, 3, 1
2019/12/14, , 9, 34, 1, 1
2019/12/15, , 11, 27, 3, 1
2019/12/16, , 14, 15, 10, 1
2019/12/17, , 10, 28, 2, 1
2019/12/18, , 11, 18, 6, 1
2019/12/19, , 11, 9, 7, 2
2019/12/20, , 17, 18, 5, 1
2019/12/21, , 10, 22, 3, 1
2019/12/22, , 8, 24, 3, 1
2019/12/23, , 9, 23, 2, 1
2019/12/24, , 11, 24, 2, 1
2019/12/25, , 7, 25, , 1
2019/12/26, , 5, 20, , 1
2019/12/27, , 5, 21, 2, 1
2019/12/28, , 5, 19, 4, 1
2019/12/29, , 6, , , 
2019/7/1, , 10, 28, , 
2019/7/2, , 9, 29, , 
2019/7/3, , 9, 25, , 
2019/7/4, , 9, 30, , 
2019/7/5, , 8, 29, , 
2019/7/6, , 9, 27, , 
2019/7/7, , 13, 27, , 
2019/7/8, , 10, 29, , 
2019/7/9, , 12, 33, , 
2019/7/10, , 9, 37, , 1
2019/7/11, , 11, 40, 2, 1
2019/7/12, , 14, 40, 1, 1
2019/7/13, , 13, 29, , 1
2019/7/14, , 10, 31, , 1
2019/7/15, , 15, 29, , 
2019/7/16, , 9, 31, , 
2019/7/17, , 8, 37, 2, 
2019/7/18, , 12, 35, 2, 1
2019/7/19, , 13, 37, 1, 
2019/7/20, , 12, 28, , 1
2019/7/21, , 14, 23, , 1
2019/7/22, , 10, 25, , 1
2019/7/23, , 25, 37, 2, 1
2019/7/24, , 19, 26, 2, 1
2019/7/25, , 10, 36, 2, 1
2019/7/26, , 14, 37, , 1
2019/7/27, , 18, 37, 1, 1
2019/7/28, , 15, 44, 1, 1
2019/7/29, , 23, 31, 2, 1
2019/7/30, , 15, 27, 1, 1
2019/7/31, , 8, 25, 2, 1
2019/8/1, , 7, 30, 1, 1
2019/8/2, , 9, 37, 1, 1
2019/8/3, , 11, 33, 1, 1
2019/8/4, , 14, 37, , 1
2019/8/5, , 14, 34, 1, 1
2019/8/6, , 15, 35, 1, 1
2019/8/7, , 14, 31, 1, 1
2019/8/8, , 12, 31, , 1
2019/8/9, , 13, 30, , 1
2019/8/10, , 13, 34, , 1
2019/8/11, , 20, 33, 1, 1
2019/8/12, , 17, 27, 1, 1
2019/8/13, , 10, 33, 1, 1
2019/8/14, , 11, 32, 3, 1
2019/8/15, , 13, 30, , 1
2019/8/16, , 10, 29, 2, 1
2019/8/17, , 12, 23, 1, 1
2019/8/18, , 9, 29, 1, 1
2019/8/19, , 13, 31, 1, 1
2019/8/20, , 13, 32, 1, 1
2019/8/21, , 10, 48, 3, 1
2019/8/22, , 15, 37, 1, 1
2019/8/23, , 15, 30, 2, 1
2019/8/24, , 12, 58, 3, 1
2019/8/25, , 16, 48, 3, 1
2019/8/26, , 19, 39, 4, 1
2019/8/27, , 23, 47, 4, 1
2019/8/28, , 26, 45, 1, 1
2019/8/29, , 16, 37, 2, 1
2019/8/30, , 9, 45, 2, 1
2019/8/31, , 15, 39, , 1
2019/9/1, , 10, 30, , 1
2019/9/2, , 6, 30, , 1
2019/9/3, , 7, 30, 1, 1
2019/9/4, , 10, 31, , 1
2019/9/5, , 6, 26, 1, 1
2019/9/6, , 9, 26, 1, 1
2019/9/7, , 10, 28, 3, 1
2019/9/8, , 10, 24, 3, 1
2019/9/9, , 8, 27, , 1
2019/9/10, , 7, 34, 1, 1
2019/9/11, , 8, 23, , 1
2019/9/12, , 12, 29, , 1
2019/9/13, , 11, 27, , 1
2019/9/14, , 10, 29, , 1
2019/9/15, , 14, 31, , 1
2019/9/16, , 15, 28, , 1
2019/9/17, , 11, 26, , 1
2019/9/18, , 9, 26, 2, 1
2019/9/19, , 7, 24, , 1
2019/9/20, , 7, 23, 1, 1
2019/9/21, , 12, 25, 3, 1
2019/9/22, , 9, 23, 2, 1
2019/9/23, , 10, 19, 3, 1
2019/9/24, , 21, 28, 4, 1
2019/9/25, , 21, 22, 3, 1
2019/9/26, , 24, 23, 2, 1
2019/9/27, , 10, 22, 1, 1
2019/9/28, , 9, 23, 1, 1
2019/9/29, , 7, 32, , 1
2019/9/30, , 11, 27, , 1
2019/4/1, , 9, 38, 2, 1
2019/4/2, , 25, 34, 5, 1
2019/4/3, , 40, 41, 5, 1
2019/4/4, , 47, 44, 4, 2
2019/4/5, , 46, 40, 4, 2
2019/4/6, , 41, 43, 4, 1
2019/4/7, , 31, 43, 2, 1
2019/4/8, , 9, 32, 1, 2
2019/4/9, , 7, 32, 1, 1
2019/4/10, , 10, 32, 2, 1
2019/4/11, , 8, 35, 3, 5
2019/4/12, , 8, 36, 1, 1
2019/4/13, , 9, 39, 1, 2
2019/4/14, , 10, 39, 2, 2
2019/4/15, , 11, 40, 2, 2
2019/4/16, , 14, 40, 5, 1
2019/4/17, , 19, 49, 3, 2
2019/4/18, , 17, 49, 3, 4
2019/4/19, , 13, 50, 3, 5
2019/4/20, , 14, 52, 3, 5
2019/4/21, , 14, 45, 3, 8
2019/4/22, , 16, 51, 2, 37
2019/4/23, , 57, 44, 3, 11
2019/4/24, , 42, 41, 4, 1
2019/4/25, , 28, 47, 5, 1
2019/4/26, , 28, 37, 1, 1
2019/4/27, , 6, 39, 1, 1
2019/4/28, , 7, 42, 1, 1
2019/4/29, , 13, 44, 4, 1
2019/4/30, , 20, 43, 1, 1
2019/5/1, , 15, 43, , 1
2019/5/2, , 17, 34, , 1
2019/5/3, , 8, 36, , 1
2019/5/4, , 6, 38, , 1
2019/5/5, , 11, 37, , 1
2019/5/6, , 10, 33, , 1
2019/5/7, , 11, 38, 3, 1
2019/5/8, , 10, 37, 3, 1
2019/5/9, , 15, 33, 4, 1
2019/5/10, , 8, 38, , 1
2019/5/11, , 11, 33, , 1
2019/5/12, , 12, 35, 1, 1
2019/5/13, , 10, 33, 2, 1
2019/5/14, , 8, 35, 2, 1
2019/5/15, , 9, 41, 2, 1
2019/5/16, , 13, 32, 1, 1
2019/5/17, , 10, 36, 2, 1
2019/5/18, , 10, 36, 2, 1
2019/5/19, , 10, 38, 1, 1
2019/5/20, , 7, 24, 3, 1
2019/5/21, , 13, 32, 2, 1
2019/5/22, , 8, 44, 1, 1
2019/5/23, , 11, 39, 1, 1
2019/5/24, , 9, 35, , 1
2019/5/25, , 9, 31, 1, 1
2019/5/26, , 7, 30, , 1
2019/5/27, , 9, 38, , 1
2019/5/28, , 10, 32, , 1
2019/5/29, , 10, 31, 2, 1
2019/5/30, , 11, 31, , 1
2019/5/31, , 8, 29, 1, 1
2019/6/1, , 9, 34, 1, 
2019/6/2, , 8, 42, 3, 1
2019/6/3, , 13, 30, 1, 1
2019/6/4, , 12, 53, 3, 1
2019/6/5, , 22, 47, 1, 1
2019/6/6, , 21, 31, 1, 1
2019/6/7, , 8, 33, 1, 1
2019/6/8, , 11, 39, , 1
2019/6/9, , 11, 34, 2, 1
2019/6/10, , 10, 42, 2, 1
2019/6/11, , 14, 34, 1, 1
2019/6/12, , 13, 37, 2, 1
2019/6/13, , 9, 43, 2, 1
2019/6/14, , 10, 39, 2, 1
2019/6/15, , 12, 38, , 1
2019/6/16, , 9, 34, 1, 1
2019/6/17, , 9, 42, 3, 1
2019/6/18, , 17, 51, 3, 1
2019/6/19, , 16, 44, 1, 1
2019/6/20, , 10, 36, , 
2019/6/21, , 8, , , 
2019/6/22, , 8, , 2, 1
2019/6/23, , 17, 35, 3, 2
2019/6/24, , 22, 48, 3, 1
2019/6/25, , 17, 51, 3, 1
2019/6/26, , 17, 32, , 
2019/6/27, , 13, 35, , 
2019/6/28, , 14, 28, , 
2019/6/29, , 12, 66, 1, 1
2019/6/30, , 18, 30, , 
2019/1/1, , 20, 32, , 1
2019/1/2, , 12, 30, 2, 1
2019/1/3, , 8, 29, 1, 1
2019/1/4, , 10, 24, 3, 1
2019/1/5, , 8, 18, 6, 2
2019/1/6, , 10, 27, 2, 1
2019/1/7, , 6, 30, 1, 1
2019/1/8, , 7, 31, , 1
2019/1/9, , 6, 26, 4, 1
2019/1/10, , 6, 30, 1, 1
2019/1/11, , 17, 31, 1, 1
2019/1/12, , 11, 32, , 1
2019/1/13, , 7, 33, , 1
2019/1/14, , 13, 30, 1, 1
2019/1/15, , 10, , , 
2019/3/6, , 9, 32, 4, 1
2019/3/7, , 8, 37, 1, 1
2019/3/8, , 13, 39, 1, 1
2019/3/9, , 11, 37, , 1
2019/3/10, , 12, 36, 3, 1
2019/3/11, , 8, 32, 2, 1
2019/3/12, , 7, 33, 2, 1
2019/3/13, , 7, 33, 3, 1
2019/3/14, , 8, 33, 1, 1
2019/3/15, , 8, 37, 1, 1
2019/3/16, , 11, 39, , 1
2019/3/17, , 9, 34, 1, 1
2019/3/18, , 12, 37, 1, 1
2019/3/19, , 9, 28, 3, 1
2019/3/20, , 11, 24, 3, 1
2019/3/21, , 11, 25, 2, 1
2019/3/22, , 7, 35, 1, 1
2019/3/23, , 14, 36, , 1
2019/3/24, , 14, 38, 1, 1
2019/3/25, , 9, 38, 1, 1
2019/3/26, , 11, 35, 1, 1
2019/3/27, , 7, 33, 1, 1
2019/3/28, , 7, 36, 1, 1
2019/3/29, , 9, 39, 2, 1
2019/3/30, , 13, 38, , 1
2019/3/31, , 10, 34, 3, 1
2018/10/1, , 7, 29, 1, 1
2018/10/2, , 10, 30, , 1
2018/10/3, , 12, 24, 1, 1
2018/10/4, , 10, 17, 4, 1
2018/10/5, , 15, 26, 2, 1
2018/10/6, , 11, 30, 1, 1
2018/10/7, , 7, 24, 2, 1
2018/10/8, , 11, 21, 3, 1
2018/10/9, , 14, 22, 10, 1
2018/10/10, , 18, 37, 4, 2
2018/10/11, , 26, 22, 7, 2
2018/10/12, , 33, 27, 5, 2
2018/10/13, , 23, 32, 4, 2
2018/10/14, , 31, 22, 7, 2
2018/10/15, , 30, 12, 11, 2
2018/10/16, , 29, 13, 11, 2
2018/10/17, , 16, 30, 2, 1
2018/10/18, , 10, 31, 2, 1
2018/10/19, , 9, 28, 1, 1
2018/10/20, , 10, 22, 2, 1
2018/10/21, , 13, 29, , 1
2018/10/22, , 13, 34, , 1
2018/10/23, , 9, , , 
2018/10/25, , 10, 30, 2, 
2018/10/26, , 7, 26, , 
2018/10/27, , 6, 20, 1, 
2018/10/28, , 5, 21, 1, 1
2018/10/29, , 5, 11, 4, 1
2018/10/30, , 14, 19, 4, 1
2018/10/31, , 10, 13, 8, 1
2018/11/1, , 14, 25, 4, 1
2018/11/2, , 12, 27, 2, 1
2018/11/3, , 8, 22, 2, 1
2018/11/4, , 10, 11, 4, 1
2018/11/5, , 21, 8, 9, 2
2018/11/6, , 27, 11, 10, 2
2018/11/7, , 25, 2, 10, 2
2018/11/8, , 12, 16, 6, 1
2018/11/9, , 11, 10, 5, 1
2018/11/10, , 17, 14, 5, 1
2018/11/11, , 17, 16, 5, 1
2018/11/12, , 7, 24, 2, 1
2018/11/13, , 9, 22, 2, 1
2018/11/14, , 13, 17, 7, 1
2018/11/15, , 14, 20, 3, 1
2018/11/16, , 11, 16, 3, 1
2018/11/17, , 13, 23, , 1
2018/11/18, , 6, 23, , 1
2018/11/19, , 4, 22, 1, 1
2018/11/20, , 4, 26, 2, 1
2018/11/21, , 7, 24, 2, 1
2018/11/22, , 8, 21, 3, 1
2018/11/23, , 15, 15, 3, 1
2018/11/24, , 10, 18, 2, 1
2018/11/25, , 5, 25, 7, 1
2018/11/26, , 7, 19, 11, 1
2018/11/27, , 10, 27, 5, 1
2018/11/28, , 8, 16, 7, 2
2018/11/29, , 18, 11, 10, 2
2018/11/30, , 16, 16, 6, 1
2018/12/1, , 16, 11, 6, 1
2018/12/2, , 6, 26, 1, 1
2018/12/3, , 9, 32, , 1
2018/12/4, , 15, 25, 5, 1
2018/12/5, , 11, 17, 8, 1
2018/12/6, , 8, 22, 3, 1
2018/12/7, , 5, 30, , 1
2018/12/8, , 8, 26, 1, 1
2018/12/9, , 9, 24, , 1
2018/12/10, , 12, 14, 1, 1
2018/12/11, , 6, 18, 3, 1
2018/12/12, , 6, 16, 2, 1
2018/12/13, , 5, 16, 2, 1
2018/12/14, , 6, 16, 2, 1
2018/12/15, , 6, 17, 2, 1
2018/12/16, , 10, 10, 10, 2
2018/12/17, , 17, 14, 6, 2
2018/12/18, , 12, 16, 5, 1
2018/12/19, , 10, 6, 8, 2
2018/12/20, , 13, 13, 6, 2
2018/12/21, , 6, 15, 2, 2
2018/12/22, , 8, 20, 4, 2
2018/12/23, , 7, 22, 1, 1
2018/12/24, , 6, 25, , 1
2018/12/25, , 11, 26, , 1
2018/12/26, , 10, 24, , 1
2018/12/27, , 8, 27, 1, 1
2018/12/28, , 8, 26, 1, 1
2018/12/29, , 7, 28, 1, 1
2018/12/30, , 9, , , 
2018/7/1, , 7, 35, , 
2018/7/2, , 7, 39, , 1
2018/7/3, , 11, 37, 1, 1
2018/7/4, , 14, 28, , 1
2018/7/5, , 5, 34, , 1
2018/7/6, , 17, 36, , 1
2018/7/7, , 18, 38, 1, 1
2018/7/8, , 13, 28, , 1
2018/7/9, , 15, 28, 2, 1
2018/7/10, , 18, 35, 2, 1
2018/7/11, , 14, 36, 1, 1
2018/7/12, , 13, 40, 1, 1
2018/7/13, , 12, 29, , 1
2018/7/14, , 8, 39, , 1
2018/7/15, , 11, 43, 1, 1
2018/7/16, , 12, 34, 2, 1
2018/7/17, , 14, 42, 2, 1
2018/7/18, , 12, 36, , 1
2018/7/19, , 9, 38, , 1
2018/7/20, , 12, 44, , 1
2018/7/21, , 11, 46, 1, 1
2018/7/22, , 15, 28, , 1
2018/7/23, , 12, 28, 2, 1
2018/7/24, , 14, 47, 2, 1
2018/7/25, , 17, 41, , 1
2018/7/26, , 12, 43, 1, 1
2018/7/27, , 21, 46, 1, 1
2018/7/28, , 20, 41, 2, 1
2018/7/29, , 14, 49, 4, 1
2018/7/30, , 20, 45, 3, 1
2018/7/31, , 18, 35, 2, 1
2018/8/1, , 10, 43, 3, 1
2018/8/2, , 15, 51, 2, 1
2018/8/3, , 17, 35, , 1
2018/8/4, , 10, 29, , 1
2018/8/5, , 8, 35, , 1
2018/8/6, , 14, 54, 3, 1
2018/8/7, , 20, 71, 2, 1
2018/8/8, , 28, 48, 1, 1
2018/8/9, , 19, 36, 1, 1
2018/8/10, , 12, 34, 1, 1
2018/8/11, , 11, 28, , 1
2018/8/12, , 9, 34, 3, 1
2018/8/13, , 11, 39, 1, 1
2018/8/14, , 9, 30, , 1
2018/8/15, , 10, 41, 3, 1
2018/8/16, , 16, 29, 2, 1
2018/8/17, , 12, 33, 1, 1
2018/8/18, , 14, 27, 1, 1
2018/8/19, , 14, 29, , 1
2018/8/20, , 9, 32, 1, 1
2018/8/21, , 10, 37, 2, 1
2018/8/22, , 17, 44, 2, 1
2018/8/23, , 19, 26, , 1
2018/8/24, , 10, 27, 1, 1
2018/8/25, , 8, 31, , 1
2018/8/26, , 7, 25, 2, 1
2018/8/27, , 12, 30, 1, 1
2018/8/28, , 11, 29, 5, 1
2018/8/29, , 12, 32, 3, 2
2018/8/30, , 14, 30, , 2
2018/8/31, , 9, 30, , 1
2018/9/1, , 8, 29, 1, 1
2018/9/2, , 10, 34, 2, 1
2018/9/3, , 11, 32, 2, 1
2018/9/4, , 11, 35, 3, 1
2018/9/5, , 11, 41, 4, 1
2018/9/6, , 14, 35, 2, 1
2018/9/7, , 17, 29, 1, 1
2018/9/8, , 9, 32, 2, 1
2018/9/9, , 12, 28, 2, 1
2018/9/10, , 11, 28, 2, 1
2018/9/11, , 12, 27, , 1
2018/9/12, , 14, 27, 1, 1
2018/9/13, , 11, 27, 1, 1
2018/9/14, , 10, 27, , 1
2018/9/15, , 9, 27, 1, 1
2018/9/16, , 11, 27, 2, 1
2018/9/17, , 15, 54, 4, 1
2018/9/18, , 21, 31, 2, 1
2018/9/19, , 20, 23, 2, 1
2018/9/20, , 16, 31, 2, 1
2018/9/21, , 17, 28, , 1
2018/9/22, , 12, 31, , 1
2018/9/23, , 10, 32, , 1
2018/9/24, , 10, 31, , 1
2018/9/25, , 10, 26, 1, 1
2018/9/26, , 13, 29, 1, 1
2018/9/27, , 8, 28, , 1
2018/9/28, , 10, 28, , 1
2018/9/29, , 8, 28, 1, 1
2018/9/30, , 11, 27, 1, 1
2018/4/1, , 8, 43, 2, 1
2018/4/2, , 9, 33, 6, 2
2018/4/3, , 9, 37, 5, 1
2018/4/4, , 10, 33, 3, 1
2018/4/5, , 8, 38, 2, 1
2018/4/6, , 13, 35, 5, 1
2018/4/7, , 13, 33, 7, 2
2018/4/8, , 18, 32, 10, 2
2018/4/9, , 20, 40, 2, 1
2018/4/10, , 11, 40, 2, 1
2018/4/11, , 9, 38, 2, 1
2018/4/12, , 18, 40, 3, 2
2018/4/13, , 27, 33, 7, 2
2018/4/14, , 19, 27, 3, 2
2018/4/15, , 9, 33, 5, 2
2018/4/16, , 10, 39, 2, 1
2018/4/17, , 13, 39, 2, 1
2018/4/18, , 16, 40, 4, 1
2018/4/19, , 16, 58, 5, 1
2018/4/20, , 22, 41, 1, 1
2018/4/21, , 9, 38, 2, 1
2018/4/22, , 8, 38, 2, 1
2018/4/23, , 11, 35, 1, 1
2018/4/24, , 12, 37, 1, 1
2018/4/25, , 8, 36, 1, 1
2018/4/26, , 8, 36, 1, 1
2018/4/27, , 13, 36, 5, 1
2018/4/28, , 13, 41, 2, 1
2018/4/29, , 7, 41, 3, 1
2018/4/30, , 19, 30, 4, 1
2018/5/1, , 6, 40, 1, 1
2018/5/2, , 10, 43, 3, 1
2018/5/3, , 11, 40, 2, 1
2018/5/4, , 10, 43, 3, 1
2018/5/5, , 12, 43, 4, 1
2018/5/6, , 11, 38, 5, 1
2018/5/7, , 14, 39, 7, 1
2018/5/8, , 12, 43, 3, 1
2018/5/9, , 19, 48, 2, 1
2018/5/10, , 23, 36, 2, 1
2018/5/11, , 9, 42, 3, 1
2018/5/12, , 10, 52, 4, 2
2018/5/13, , 18, 47, 4, 1
2018/5/14, , 27, 49, 3, 1
2018/5/15, , 25, 56, 3, 1
2018/5/16, , 19, 38, 2, 1
2018/5/17, , 19, 41, 4, 1
2018/5/18, , 17, 33, 3, 1
2018/5/19, , 16, 42, 2, 1
2018/5/20, , 11, 37, 2, 1
2018/5/21, , 10, 41, 4, 1
2018/5/22, , 18, 45, 3, 1
2018/5/23, , 16, 45, 4, 1
2018/5/24, , 16, 42, 3, 1
2018/5/25, , 14, 37, 2, 1
2018/5/26, , 16, 43, 2, 1
2018/5/27, , 11, 41, 4, 1
2018/5/28, , 17, 57, 4, 1
2018/5/29, , 21, 65, 3, 1
2018/5/30, , 24, 43, 2, 1
2018/5/31, , 18, 49, 3, 1
2018/6/1, , 20, 49, 3, 2
2018/6/2, , 21, 54, 2, 2
2018/6/3, , 18, 47, 1, 1
2018/6/4, , 17, 38, 1, 1
2018/6/5, , 14, 35, 2, 1
2018/6/6, , 13, 43, 3, 1
2018/6/7, , 15, 60, 5, 1
2018/6/8, , 18, 61, 4, 1
2018/6/9, , 19, 53, 2, 1
2018/6/10, , 18, 35, , 1
2018/6/11, , 9, 35, 1, 1
2018/6/12, , 13, 34, 1, 1
2018/6/13, , 12, 43, 1, 1
2018/6/14, , 14, 34, 1, 1
2018/6/15, , 14, 37, 3, 1
2018/6/16, , 17, 38, 1, 1
2018/6/17, , 12, 35, 1, 1
2018/6/18, , 13, 37, , 1
2018/6/19, , 13, 30, 1, 1
2018/6/20, , 14, 32, , 1
2018/6/21, , 9, 30, , 1
2018/6/22, , 12, 33, , 1
2018/6/23, , 14, 31, 1, 1
2018/6/24, , 11, 31, 1, 1
2018/6/25, , 13, 34, 3, 1
2018/6/26, , 12, 37, 2, 1
2018/6/27, , 9, 42, 2, 1
2018/6/28, , 9, 34, 1, 1
2018/6/29, , 10, 32, 1, 1
2018/6/30, , 6, 30, , 1
2018/1/1, , 16, 25, 2, 1
2018/1/2, , 12, 23, 5, 1
2018/1/3, , 8, 20, 4, 2
2018/1/4, , 6, 18, 4, 1
2018/1/5, , 6, 22, 2, 
2018/1/6, , 7, 25, 3, 
2018/1/7, , 9, 19, 8, 2
2018/1/8, , 10, 25, 4, 1
2018/1/9, , 8, 17, 7, 2
2018/1/10, , 23, 18, 5, 2
2018/1/11, , 14, 22, 3, 1
2018/1/12, , 9, 27, 1, 1
2018/1/13, , 7, 24, 1, 1
2018/1/14, , 12, 16, 4, 2
2018/1/15, , 13, 29, 3, 1
2018/1/16, , 6, 30, 2, 1
2018/1/17, , 6, 28, 5, 1
2018/1/18, , 8, 23, 5, 1
2018/1/19, , 9, 25, 4, 1
2018/1/20, , 9, 18, 5, 2
2018/1/21, , 9, 20, 4, 2
2018/1/22, , 11, 20, 6, 2
2018/1/23, , 16, 25, 3, 1
2018/1/24, , 7, 34, 3, 1
2018/1/25, , 12, 22, 5, 1
2018/1/26, , 13, 23, 2, 1
2018/1/27, , 10, 29, 1, 1
2018/1/28, , 20, 31, 1, 1
2018/1/29, , 8, 31, 1, 1
2018/1/30, , 14, 30, 4, 1
2018/1/31, , 8, 29, 3, 1
2018/2/1, , 10, 18, 4, 2
2018/2/2, , 6, 20, 1, 2
2018/2/3, , 6, 23, 1, 2
2018/2/4, , 7, 27, 4, 1
2018/2/5, , 7, 30, 2, 2
2018/2/6, , 9, 27, 4, 2
2018/2/7, , 10, 21, 6, 2
2018/2/8, , 11, 28, 7, 2
2018/2/9, , 20, 22, 6, 3
2018/2/10, , 31, 25, 4, 2
2018/2/11, , 10, 32, 1, 1
2018/2/12, , 9, 28, 6, 1
2018/2/13, , 14, 25, 9, 2
2018/2/14, , 14, 30, 3, 2
2018/2/15, , 13, 29, 1, 1
2018/2/16, , 12, 25, 1, 2
2018/2/17, , 11, 28, 3, 1
2018/2/18, , 10, 17, 8, 2
2018/2/19, , 15, 21, 7, 2
2018/2/20, , 14, 28, 2, 2
2018/2/21, , 13, 24, 5, 2
2018/2/22, , 9, 29, 5, 2
2018/2/23, , 8, 31, 1, 1
2018/2/24, , 5, 31, 1, 1
2018/2/25, , 5, 32, 1, 1
2018/2/26, , 6, 31, , 1
2018/2/27, , 7, 30, 1, 1
2018/2/28, , 9, 30, 1, 1
2018/3/1, , 8, 31, 3, 1
2018/3/2, , 9, 34, 2, 2
2018/3/3, , 11, 35, 2, 2
2018/3/4, , 18, 32, 6, 4
2018/3/5, , 46, 37, 11, 5
2018/3/6, , 44, 40, 4, 4
2018/3/7, , 31, 37, 5, 3
2018/3/8, , 17, 34, 2, 2
2018/3/9, , 8, 30, 3, 2
2018/3/10, , 10, 27, 5, 2
2018/3/11, , 15, 18, 13, 3
2018/3/12, , 17, 20, 4, 2
2018/3/13, , 32, , , 
2018/3/15, , 7, 33, , 1
2018/3/16, , 7, 34, , 1
2018/3/17, , 7, 34, 1, 1
2018/3/18, , 6, 33, 5, 2
2018/3/19, , 11, 33, 1, 1
2018/3/20, , 17, 34, 3, 1
2018/3/22, , 4, 31, 3, 1
2018/3/23, , 5, 23, 6, 2
2018/3/24, , 9, 23, 5, 2
2018/3/25, , 11, 34, 2, 1
2018/3/26, , 7, 28, 6, 1
2018/3/27, , 4, 35, 1, 1
2018/3/28, , 4, 35, 1, 1
2018/3/29, , 10, 37, 2, 1
2018/3/30, , 7, 36, 1, 2
2018/3/31, , 8, 38, , 1
2017/4/2, , 9, 39, 3, 1
2017/4/3, , 9, 39, 1, 1
2017/4/4, , 13, 37, 7, 1
2017/4/5, , 11, 38, 1, 1
2017/4/6, , 12, 38, 1, 1
2017/4/10, , 8, 37, 2, 1
2017/4/11, , 14, 38, , 1
2017/4/12, , 4, 34, 1, 1
2017/4/13, , 8, 36, , 1
2017/4/14, , 9, 37, , 1
2017/4/15, , 4, 32, 2, 1
2017/4/16, , 6, 36, 1, 1
2017/4/17, , 7, 35, 1, 1
2017/4/18, , 7, 37, 1, 1
2017/4/19, , 7, 40, 3, 1
2017/4/20, , 9, 39, 2, 1
2017/4/21, , 8, 36, 1, 1
2017/4/22, , 10, 37, , 1
2017/4/23, , 12, 36, , 1
2017/4/24, , 10, 36, 1, 1
2017/4/25, , 10, 36, 1, 1
2017/4/26, , 6, 34, 1, 1
2017/4/27, , 8, 37, 1, 1
2017/4/28, , 8, 32, 4, 1
2017/4/29, , 7, 36, 2, 1
2017/4/30, , 7, 38, 2, 1
2017/5/1, , 10, 39, 2, 1
2017/5/2, , 11, 40, 2, 1
2017/5/3, , 11, 39, 1, 1
2017/5/4, , 6, 30, 1, 1
2017/1/4, , 6, 28, 1, 1
2017/1/5, , 7, 26, 7, 1
2017/1/6, , 8, 17, 8, 2
2017/1/7, , 7, 14, 4, 2
2017/1/8, , 5, 22, 4, 1
2017/1/9, , 11, 19, 7, 2
2017/1/10, , 8, 31, 4, 1
2017/1/11, , 9, 32, 1, 1
2017/1/12, , 10, 23, 6, 1
2017/1/13, , 9, 27, 3, 1
2017/1/14, , 6, 26, 1, 1
2017/1/15, , 7, 27, 2, 1
2017/1/16, , 6, 25, 6, 1
2017/1/17, , 8, 22, 4, 1
2017/1/18, , 5, 21, 4, 1
2017/1/19, , 6, 26, 1, 1
2017/1/20, , 5, 24, 1, 1
2017/1/21, , 7, 18, 4, 1
2017/1/22, , 9, 25, 4, 1
2017/1/23, , 9, 20, 4, 2
2017/1/24, , 9, 21, 4, 1
2017/1/25, , 8, 22, 6, 1
2017/1/26, , 19, 18, 9, 3
2017/1/27, , 29, 23, 9, 3
2017/1/28, , 24, 17, 9, 3
2017/1/29, , 12, 19, 11, 2
2017/1/30, , 28, 27, 3, 3
2017/1/31, , 45, 29, 5, 4
2017/2/1, , 28, 23, 6, 4
2017/2/2, , 25, 22, 4, 4
2017/2/3, , 15, 17, 6, 4
2017/2/4, , 19, 26, 3, 4
2017/2/5, , 6, 30, 1, 1
2017/2/6, , 6, 29, 1, 1
2017/2/7, , 5, 29, 2, 1
2017/2/8, , 10, 28, 5, 2
2017/2/9, , 17, 29, 4, 2
2017/2/10, , 8, 34, 2, 1
2017/2/11, , 7, 32, 1, 1
2017/2/12, , 10, 26, 11, 2
2017/2/13, , 16, 18, 16, 3
2017/2/14, , 26, 16, 21, 3
2017/2/15, , 20, 20, 11, 3
2017/2/16, , 6, 23, 3, 2
2017/2/17, , 6, 29, 1, 2
2017/2/18, , 8, 25, 3, 2
2017/2/19, , 3, 31, 1, 1
2017/2/20, , 18, 36, , 1
2017/2/21, , 11, 35, 1, 1
2017/2/22, , 12, 34, 2, 1
2017/2/23, , 8, 32, 1, 1
2017/2/24, , 8, 29, 2, 1
2017/2/25, , 5, 29, 2, 1
2017/2/26, , 6, 25, 4, 1
2017/2/27, , 6, 36, 2, 1
2017/2/28, , 9, 34, 1, 1
2017/3/1, , 9, 32, 3, 1
2017/3/2, , 17, 31, 3, 1
2017/3/3, , 17, 22, 9, 2
2017/3/4, , 15, 24, 3, 2
2017/3/5, , 4, 28, 1, 1
2017/3/6, , 8, 32, 1, 1
2017/3/7, , 10, 30, 4, 1
2017/3/8, , 11, 25, 4, 2
2017/3/9, , 8, 36, 1, 1
2017/3/10, , 8, 30, 3, 1
2017/3/11, , 5, 30, 4, 1
2017/3/12, , 11, 28, 6, 2
2017/3/13, , 15, 30, 2, 2
2017/3/14, , 19, 29, , 1
2017/3/15, , 19, 29, 2, 1
2017/3/16, , 8, 37, 1, 1
2017/3/17, , 5, 36, 1, 1
2017/3/18, , 8, 33, 1, 1
2017/3/19, , 5, 34, 2, 1
2017/3/20, , 10, 35, 1, 1
2017/3/21, , 14, 35, 2, 1
2017/3/22, , 14, 31, 7, 2
2017/3/23, , 7, 34, 3, 1
2017/3/24, , 11, 37, 1, 1
2017/3/25, , 8, 31, 1, 1
2017/3/26, , 6, 26, 1, 1
2017/3/27, , 5, 24, 2, 1
2017/3/28, , 7, 34, 3, 1
2017/3/29, , 10, 27, 5, 1
2017/3/30, , 13, 31, 7, 1
2017/4/1, , 9, 39, 3, 1
2016/6/12, , 10, , , 
2015/12/31, , 28, 12, 6, 2
2015/4/5, , 11, 33, 1, 1
2014/12/31, , 22, 27, 2, 1
2013/12/31, , 26, 14, 5, 1
2014/2/8, , 8, 28, 2, 1
2022/8/25, , , 38, 1, 1
2022/4/27, , , 37, 1, 1
2022/4/28, , , 37, 1, 1
2020/3/31, , , 36, , 1
2019/12/31, , , 31, , 1
2018/12/31, , , 32, , 1
2019/3/5, , , 25, 7, 1
2018/10/24, , , 30, , 14
2017/12/31, , , 31, 1, 1
2018/3/14, , , 33, 2, 1
2018/3/21, , , 33, 3, 1
2017/4/7, , , 32, 1, 1
2017/4/8, , , 32, , 1
2017/4/9, , , 39, 2, 1
2017/3/31, , , 40, 3, 1
2015/4/1, , , 35, , 1
2015/4/2, , , 32, 1, 1
2015/4/3, , , 30, 2, 1
2015/4/4, , , 33, 1, 1